USE Bdplaner;
GO

PRINT 'Insertando Roles...';
SET IDENTITY_INSERT p_Roles ON;
INSERT INTO p_Roles (idRol, nombre, descripcion) VALUES (1, 'Admin', 'Acceso total al sistema');
SET IDENTITY_INSERT p_Roles OFF;
GO

PRINT 'Insertando Usuarios...';
SET IDENTITY_INSERT p_Usuarios ON;
INSERT INTO p_Usuarios (idUsuario, nombre, carnet, correo, telefono, activo, rolGlobal, idRol, pais, fechaCreacion, nombreCompleto, cargo, departamento, orgDepartamento, orgGerencia, idOrg, jefeCarnet, jefeNombre, jefeCorreo, fechaIngreso, genero, username, cedula, area, gerencia, direccion, empresa, ubicacion, tipo_empleado, tipo_contrato, fuente_datos, primer_nivel, segundo_nivel, tercer_nivel, cuarto_nivel, quinto_nivel, sexto_nivel, carnet_jefe2, carnet_jefe3, carnet_jefe4, subgerencia, ogerencia) VALUES (41, 'Gustavo Test', NULL, 'gustavo@clarity.com', NULL, 1, 'Empleado', NULL, 'NI', '2026-01-19 10:34:33', NULL, NULL, NULL, NULL, NULL, NULL, NULL, NULL, NULL, NULL, NULL, NULL, NULL, NULL, NULL, NULL, NULL, NULL, NULL, NULL, NULL, NULL, NULL, NULL, NULL, NULL, NULL, NULL, NULL, NULL, NULL, NULL);
INSERT INTO p_Usuarios (idUsuario, nombre, carnet, correo, telefono, activo, rolGlobal, idRol, pais, fechaCreacion, nombreCompleto, cargo, departamento, orgDepartamento, orgGerencia, idOrg, jefeCarnet, jefeNombre, jefeCorreo, fechaIngreso, genero, username, cedula, area, gerencia, direccion, empresa, ubicacion, tipo_empleado, tipo_contrato, fuente_datos, primer_nivel, segundo_nivel, tercer_nivel, cuarto_nivel, quinto_nivel, sexto_nivel, carnet_jefe2, carnet_jefe3, carnet_jefe4, subgerencia, ogerencia) VALUES (42, 'Gustavo Test', NULL, 'gustavo@claro.com-ni', NULL, 1, 'Empleado', NULL, 'NI', '2026-01-19 10:43:09', NULL, NULL, NULL, NULL, NULL, NULL, NULL, NULL, NULL, NULL, NULL, NULL, NULL, NULL, NULL, NULL, NULL, NULL, NULL, NULL, NULL, NULL, NULL, NULL, NULL, NULL, NULL, NULL, NULL, NULL, NULL, NULL);
INSERT INTO p_Usuarios (idUsuario, nombre, carnet, correo, telefono, activo, rolGlobal, idRol, pais, fechaCreacion, nombreCompleto, cargo, departamento, orgDepartamento, orgGerencia, idOrg, jefeCarnet, jefeNombre, jefeCorreo, fechaIngreso, genero, username, cedula, area, gerencia, direccion, empresa, ubicacion, tipo_empleado, tipo_contrato, fuente_datos, primer_nivel, segundo_nivel, tercer_nivel, cuarto_nivel, quinto_nivel, sexto_nivel, carnet_jefe2, carnet_jefe3, carnet_jefe4, subgerencia, ogerencia) VALUES (8, 'MARIA VICTORIA SEQUEIRA CERRATO', '1010426', 'mariav.sequeira@claro.com.ni', NULL, 1, 'Empleado', NULL, 'NI', '2026-01-19 09:19:48', 'MARIA VICTORIA SEQUEIRA CERRATO', 'ABOGADO', 'MANAGUA', 'NI SUBGCIA DE RELACIONES LABORALES Y SEGURIDAD INDUSTRIAL', 'NI GERENCIA DE RECURSOS HUMANOS', '3.00E+14', '300034', 'NELSON ENRIQUE PEREZ FONSECA', 'nelson.perez@claro.com.ni', '2025-03-03 06:00:00', 'F', 'mariav.sequeira', '0013008001036L', 'NI SUBGCIA DE RELACIONES LABORALES Y SEGURIDAD INDUSTRIAL', 'NI GERENCIA DE RECURSOS HUMANOS', 'Santo Domingo, Casa Protocolo.', 'SERVICIOS DIVERSOS DE RECURSOS HUMANOS S.A.', 'ENITEL CASA PROTOCOLO(STO.DGO MGA)', 'ADMINISTRATIVO', 'CAMBIO_TIPO_DE_MARCAJE', 'SYNC_RRHH_CSV', 'NI SUBGCIA DE RELACIONES LABORALES Y SEGURIDAD INDUSTRIAL', 'NI GERENCIA DE RECURSOS HUMANOS', 'NI DIRECCION PAIS', NULL, NULL, NULL, '300048', NULL, NULL, 'NI SUBGCIA DE RELACIONES LABORALES Y SEGURIDAD INDUSTRIAL', 'NI GERENCIA DE RECURSOS HUMANOS');
INSERT INTO p_Usuarios (idUsuario, nombre, carnet, correo, telefono, activo, rolGlobal, idRol, pais, fechaCreacion, nombreCompleto, cargo, departamento, orgDepartamento, orgGerencia, idOrg, jefeCarnet, jefeNombre, jefeCorreo, fechaIngreso, genero, username, cedula, area, gerencia, direccion, empresa, ubicacion, tipo_empleado, tipo_contrato, fuente_datos, primer_nivel, segundo_nivel, tercer_nivel, cuarto_nivel, quinto_nivel, sexto_nivel, carnet_jefe2, carnet_jefe3, carnet_jefe4, subgerencia, ogerencia) VALUES (13, 'KEYLA BELEN DAVILA', '102346', 'keyla.davila1@claro.com.ni', NULL, 1, 'Empleado', NULL, 'NI', '2026-01-19 09:19:54', 'KEYLA BELEN DAVILA', 'ESPECIALISTA DE CAPACITACION A', 'MANAGUA', 'NI COORD. CAPACITACION', 'NI GERENCIA DE RECURSOS HUMANOS', '3.00E+14', '400543', 'BELKIS NINOSKA CASTELLON', 'belkis.castellon@claro.com.ni', '2009-08-12 06:00:00', 'F', 'keyla.davila1@claro.com.ni', '0012401820036U', 'NI SUBGCIA CAPACITACION Y DESARROLLO', 'NI GERENCIA DE RECURSOS HUMANOS', 'FRENTE A LA NUEVA EMBAJADA AMERICANA', 'SERVICIOS DIVERSOS DE RECURSOS HUMANOS S.A.', 'ENITEL LAS PIEDRECITAS', 'ADMINISTRATIVO', 'JOB_CHANGE', 'SYNC_RRHH_CSV', 'NI COORD. CAPACITACION', 'NI SUBGCIA CAPACITACION Y DESARROLLO', 'NI GERENCIA DE RECURSOS HUMANOS', 'NI DIRECCION PAIS', NULL, NULL, '400850', '300048', NULL, 'NI SUBGCIA CAPACITACION Y DESARROLLO', 'NI GERENCIA DE RECURSOS HUMANOS');
INSERT INTO p_Usuarios (idUsuario, nombre, carnet, correo, telefono, activo, rolGlobal, idRol, pais, fechaCreacion, nombreCompleto, cargo, departamento, orgDepartamento, orgGerencia, idOrg, jefeCarnet, jefeNombre, jefeCorreo, fechaIngreso, genero, username, cedula, area, gerencia, direccion, empresa, ubicacion, tipo_empleado, tipo_contrato, fuente_datos, primer_nivel, segundo_nivel, tercer_nivel, cuarto_nivel, quinto_nivel, sexto_nivel, carnet_jefe2, carnet_jefe3, carnet_jefe4, subgerencia, ogerencia) VALUES (18, 'PABLO JOSE CRUZ BERMUDEZ', '222627', 'pablo.cruz@claro.com.ni', NULL, 1, 'Empleado', NULL, 'NI', '2026-01-19 09:19:59', 'PABLO JOSE CRUZ BERMUDEZ', 'ESPECIALISTA RECURSOS HUMANOS B', 'MANAGUA', 'NI COORD. DE TRANSPORTE', 'NI GERENCIA DE RECURSOS HUMANOS', '3.00E+14', '402178', 'ALI ADOLFO RODRIGUEZ URIARTE', 'ali.rodriguez@claro.com.ni', '1991-02-01 06:00:00', 'M', 'pablo.cruz@claro.com.ni', '0022906640000P', 'NI SUBGERENCIA DE RECURSOS HUMANOS', 'NI GERENCIA DE RECURSOS HUMANOS', 'FRENTE A LA NUEVA EMBAJADA AMERICANA', 'EMPRESA NICARAGUENSE DE TELECOMUNICACIONES S. A.', 'ENITEL LAS PIEDRECITAS', 'ADMINISTRATIVO', 'CAMBIO_TIPO_DE_MARCAJE', 'SYNC_RRHH_CSV', 'NI COORD. DE TRANSPORTE', 'NI SUBGERENCIA DE RECURSOS HUMANOS', 'NI GERENCIA DE RECURSOS HUMANOS', 'NI DIRECCION PAIS', NULL, NULL, '300042', '300048', NULL, 'NI SUBGERENCIA DE RECURSOS HUMANOS', 'NI GERENCIA DE RECURSOS HUMANOS');
INSERT INTO p_Usuarios (idUsuario, nombre, carnet, correo, telefono, activo, rolGlobal, idRol, pais, fechaCreacion, nombreCompleto, cargo, departamento, orgDepartamento, orgGerencia, idOrg, jefeCarnet, jefeNombre, jefeCorreo, fechaIngreso, genero, username, cedula, area, gerencia, direccion, empresa, ubicacion, tipo_empleado, tipo_contrato, fuente_datos, primer_nivel, segundo_nivel, tercer_nivel, cuarto_nivel, quinto_nivel, sexto_nivel, carnet_jefe2, carnet_jefe3, carnet_jefe4, subgerencia, ogerencia) VALUES (23, 'GUSTAVO ADOLFO LIRA SALAZAR', '500708', 'gustavo.lira@claro.com.ni', NULL, 1, 'Admin', 1, 'NI', '2026-01-19 09:20:05', 'GUSTAVO ADOLFO LIRA SALAZAR', 'ANALISTA DE SOPORTE RH', 'MANAGUA', 'NI COORD. DE SOPORTE A LA OPERACION', 'NI GERENCIA DE RECURSOS HUMANOS', '3.00E+14', '772', 'CANDIDA JAZMINA SANCHEZ LOPEZ', 'candida.sanchez@claro.com.ni', '2022-05-23 06:00:00', 'M', 'gustavo.lira@claro.com.ni', '0810210920004H', 'NI SUBGERENCIA DE RECURSOS HUMANOS', 'NI GERENCIA DE RECURSOS HUMANOS', 'Santo Domingo, Casa Protocolo.', 'SERVICIOS DIVERSOS DE RECURSOS HUMANOS S.A.', 'ENITEL CASA PROTOCOLO(STO.DGO MGA)', 'ADMINISTRATIVO', 'CLARO_ASCENSO', 'SYNC_RRHH_CSV', 'NI COORD. DE SOPORTE A LA OPERACION', 'NI SUBGERENCIA DE RECURSOS HUMANOS', 'NI GERENCIA DE RECURSOS HUMANOS', 'NI DIRECCION PAIS', NULL, NULL, '300042', '300048', NULL, 'NI SUBGERENCIA DE RECURSOS HUMANOS', 'NI GERENCIA DE RECURSOS HUMANOS');
INSERT INTO p_Usuarios (idUsuario, nombre, carnet, correo, telefono, activo, rolGlobal, idRol, pais, fechaCreacion, nombreCompleto, cargo, departamento, orgDepartamento, orgGerencia, idOrg, jefeCarnet, jefeNombre, jefeCorreo, fechaIngreso, genero, username, cedula, area, gerencia, direccion, empresa, ubicacion, tipo_empleado, tipo_contrato, fuente_datos, primer_nivel, segundo_nivel, tercer_nivel, cuarto_nivel, quinto_nivel, sexto_nivel, carnet_jefe2, carnet_jefe3, carnet_jefe4, subgerencia, ogerencia) VALUES (27, 'ROLANDO EUGENIO MARENCO GUTIERREZ', '1010683', 'rolando.marenco@claro.com.ni', NULL, 1, 'Empleado', NULL, 'NI', '2026-01-19 09:20:09', 'ROLANDO EUGENIO MARENCO GUTIERREZ', 'ESPECIALISTA DE CAPACITACION A', 'MANAGUA', 'NI SUBGCIA CAPACITACION Y DESARROLLO', 'NI GERENCIA DE RECURSOS HUMANOS', '3.00E+14', '400850', 'SERGIO ALEXANDER MARTINEZ ESPINOZA', 'sergio.martinez@claro.com.ni', '2025-03-10 06:00:00', 'M', 'ROLANDO.MARENCO', '0012712960024J', 'NI SUBGCIA CAPACITACION Y DESARROLLO', 'NI GERENCIA DE RECURSOS HUMANOS', 'FRENTE A LA NUEVA EMBAJADA AMERICANA', 'SERVICIOS DIVERSOS DE RECURSOS HUMANOS S.A.', 'ENITEL LAS PIEDRECITAS', 'ADMINISTRATIVO', 'CAMBIO_TIPO_DE_MARCAJE', 'SYNC_RRHH_CSV', 'NI SUBGCIA CAPACITACION Y DESARROLLO', 'NI GERENCIA DE RECURSOS HUMANOS', 'NI DIRECCION PAIS', NULL, NULL, NULL, '300048', NULL, NULL, 'NI SUBGCIA CAPACITACION Y DESARROLLO', 'NI GERENCIA DE RECURSOS HUMANOS');
INSERT INTO p_Usuarios (idUsuario, nombre, carnet, correo, telefono, activo, rolGlobal, idRol, pais, fechaCreacion, nombreCompleto, cargo, departamento, orgDepartamento, orgGerencia, idOrg, jefeCarnet, jefeNombre, jefeCorreo, fechaIngreso, genero, username, cedula, area, gerencia, direccion, empresa, ubicacion, tipo_empleado, tipo_contrato, fuente_datos, primer_nivel, segundo_nivel, tercer_nivel, cuarto_nivel, quinto_nivel, sexto_nivel, carnet_jefe2, carnet_jefe3, carnet_jefe4, subgerencia, ogerencia) VALUES (37, 'JUANA PASTORA URBINA VASQUEZ', '228710', 'juana.urbina@claro.com.ni', NULL, 1, 'Empleado', NULL, 'NI', '2026-01-19 09:20:20', 'JUANA PASTORA URBINA VASQUEZ', 'AUXILIAR DE RECURSOS HUMANOS', 'MANAGUA', 'NI COORD. DE RECURSOS HUMANOS', 'NI GERENCIA DE RECURSOS HUMANOS', '3.00E+14', '229354', 'JAVIER ANTONIO TORUÑO MENDOZA', 'javier.toruno@claro.com.ni', '1994-02-24 05:00:00', 'F', 'juana.urbina@claro.com.ni', '0012003660070X', 'NI SUBGERENCIA DE RECURSOS HUMANOS', 'NI GERENCIA DE RECURSOS HUMANOS', 'Santo Domingo, Casa Protocolo.', 'EMPRESA NICARAGUENSE DE TELECOMUNICACIONES S. A.', 'ENITEL CASA PROTOCOLO(STO.DGO MGA)', 'OPERATIVO', 'JOB_CHANGE', 'SYNC_RRHH_CSV', 'NI COORD. DE RECURSOS HUMANOS', 'NI SUBGERENCIA DE RECURSOS HUMANOS', 'NI GERENCIA DE RECURSOS HUMANOS', 'NI DIRECCION PAIS', NULL, NULL, '300042', '300048', NULL, 'NI SUBGERENCIA DE RECURSOS HUMANOS', 'NI GERENCIA DE RECURSOS HUMANOS');
INSERT INTO p_Usuarios (idUsuario, nombre, carnet, correo, telefono, activo, rolGlobal, idRol, pais, fechaCreacion, nombreCompleto, cargo, departamento, orgDepartamento, orgGerencia, idOrg, jefeCarnet, jefeNombre, jefeCorreo, fechaIngreso, genero, username, cedula, area, gerencia, direccion, empresa, ubicacion, tipo_empleado, tipo_contrato, fuente_datos, primer_nivel, segundo_nivel, tercer_nivel, cuarto_nivel, quinto_nivel, sexto_nivel, carnet_jefe2, carnet_jefe3, carnet_jefe4, subgerencia, ogerencia) VALUES (1, 'JUAN CARLOS ORTUÑO PADILLA', '300042', 'juan.ortuno@claro.com.ni', NULL, 1, 'Empleado', NULL, 'NI', '2026-01-19 09:19:40', 'JUAN CARLOS ORTUÑO PADILLA', 'GERENTE GENERAL RRHH', 'MANAGUA', 'NI GERENCIA DE RECURSOS HUMANOS', 'NI GERENCIA DE RECURSOS HUMANOS', '3.00E+14', NULL, NULL, NULL, '2013-10-07 06:00:00', 'M', 'juan.ortuno@claro.com.ni', '4411204830007D', 'NI GERENCIA DE RECURSOS HUMANOS', 'NI GERENCIA DE RECURSOS HUMANOS', 'Santo Domingo, Casa Protocolo.', 'EMPRESA NICARAGUENSE DE TELECOMUNICACIONES S. A.', 'ENITEL CASA PROTOCOLO(STO.DGO MGA)', 'ADMINISTRATIVO', 'ORA_POS_SYNC', 'SYNC_RRHH_CSV', 'NI GERENCIA DE RECURSOS HUMANOS', 'NI GERENCIA DE RECURSOS HUMANOS', NULL, NULL, NULL, NULL, NULL, NULL, NULL, 'NI GERENCIA DE RECURSOS HUMANOS', 'NI GERENCIA DE RECURSOS HUMANOS');
INSERT INTO p_Usuarios (idUsuario, nombre, carnet, correo, telefono, activo, rolGlobal, idRol, pais, fechaCreacion, nombreCompleto, cargo, departamento, orgDepartamento, orgGerencia, idOrg, jefeCarnet, jefeNombre, jefeCorreo, fechaIngreso, genero, username, cedula, area, gerencia, direccion, empresa, ubicacion, tipo_empleado, tipo_contrato, fuente_datos, primer_nivel, segundo_nivel, tercer_nivel, cuarto_nivel, quinto_nivel, sexto_nivel, carnet_jefe2, carnet_jefe3, carnet_jefe4, subgerencia, ogerencia) VALUES (3, 'JOSUE GABRIEL GARCIA BUSTO', '500269', 'josue.garcia@claro.com.ni', NULL, 1, 'Empleado', NULL, 'NI', '2026-01-19 09:19:42', 'JOSUE GABRIEL GARCIA BUSTO', 'ESPECIALISTA RECURSOS HUMANOS A', 'MANAGUA', 'NI SUBGERENCIA DE RECURSOS HUMANOS', 'NI GERENCIA DE RECURSOS HUMANOS', '3.00E+14', '300042', 'JUAN CARLOS ORTUÑO PADILLA', 'juan.ortuno@claro.com.ni', '2016-08-02 06:00:00', 'M', 'josue.garcia@claro.com.ni', '0012911880061Q', 'NI SUBGERENCIA DE RECURSOS HUMANOS', 'NI GERENCIA DE RECURSOS HUMANOS', 'Santo Domingo, Casa Protocolo.', 'SERVICIOS DIVERSOS DE RECURSOS HUMANOS S.A.', 'ENITEL LAS PIEDRECITAS', 'ADMINISTRATIVO', 'ORA_POS_SYNC', 'SYNC_RRHH_CSV', 'NI SUBGERENCIA DE RECURSOS HUMANOS', 'NI GERENCIA DE RECURSOS HUMANOS', 'NI DIRECCION PAIS', NULL, NULL, NULL, '300048', NULL, NULL, 'NI SUBGERENCIA DE RECURSOS HUMANOS', 'NI GERENCIA DE RECURSOS HUMANOS');
INSERT INTO p_Usuarios (idUsuario, nombre, carnet, correo, telefono, activo, rolGlobal, idRol, pais, fechaCreacion, nombreCompleto, cargo, departamento, orgDepartamento, orgGerencia, idOrg, jefeCarnet, jefeNombre, jefeCorreo, fechaIngreso, genero, username, cedula, area, gerencia, direccion, empresa, ubicacion, tipo_empleado, tipo_contrato, fuente_datos, primer_nivel, segundo_nivel, tercer_nivel, cuarto_nivel, quinto_nivel, sexto_nivel, carnet_jefe2, carnet_jefe3, carnet_jefe4, subgerencia, ogerencia) VALUES (7, 'ISLENY PATRICIA HERNANDEZ GONZALEZ', '1008269', 'isleny.hernandez@claro.com.ni', NULL, 1, 'Empleado', NULL, 'NI', '2026-01-19 09:19:47', 'ISLENY PATRICIA HERNANDEZ GONZALEZ', 'COORDINADOR SST- ISO45001', 'MANAGUA', 'NI SUBGCIA DE RELACIONES LABORALES Y SEGURIDAD INDUSTRIAL', 'NI GERENCIA DE RECURSOS HUMANOS', '3.00E+14', '300034', 'NELSON ENRIQUE PEREZ FONSECA', 'nelson.perez@claro.com.ni', '2024-08-19 06:00:00', 'F', 'ISLENY.HERNANDEZ', '3211801980000V', 'NI SUBGCIA DE RELACIONES LABORALES Y SEGURIDAD INDUSTRIAL', 'NI GERENCIA DE RECURSOS HUMANOS', 'Santo Domingo, Casa Protocolo.', 'SERVICIOS DIVERSOS DE RECURSOS HUMANOS S.A.', 'ENITEL CASA PROTOCOLO(STO.DGO MGA)', 'ADMINISTRATIVO', 'CLARO_ASCENSO', 'SYNC_RRHH_CSV', 'NI SUBGCIA DE RELACIONES LABORALES Y SEGURIDAD INDUSTRIAL', 'NI GERENCIA DE RECURSOS HUMANOS', 'NI DIRECCION PAIS', NULL, NULL, NULL, '300048', NULL, NULL, 'NI SUBGCIA DE RELACIONES LABORALES Y SEGURIDAD INDUSTRIAL', 'NI GERENCIA DE RECURSOS HUMANOS');
INSERT INTO p_Usuarios (idUsuario, nombre, carnet, correo, telefono, activo, rolGlobal, idRol, pais, fechaCreacion, nombreCompleto, cargo, departamento, orgDepartamento, orgGerencia, idOrg, jefeCarnet, jefeNombre, jefeCorreo, fechaIngreso, genero, username, cedula, area, gerencia, direccion, empresa, ubicacion, tipo_empleado, tipo_contrato, fuente_datos, primer_nivel, segundo_nivel, tercer_nivel, cuarto_nivel, quinto_nivel, sexto_nivel, carnet_jefe2, carnet_jefe3, carnet_jefe4, subgerencia, ogerencia) VALUES (9, 'STEVEN ISAAC SEQUEIRA ROMERO', '401391', 'steven.sequeira@claro.com.ni', NULL, 1, 'Empleado', NULL, 'NI', '2026-01-19 09:19:49', 'STEVEN ISAAC SEQUEIRA ROMERO', 'ESPECIALISTA DE CAPACITACION B', 'MANAGUA', 'NI COORD. CAPACITACION', 'NI GERENCIA DE RECURSOS HUMANOS', '3.00E+14', '400543', 'BELKIS NINOSKA CASTELLON', 'belkis.castellon@claro.com.ni', '2016-08-02 06:00:00', 'M', 'steven.sequeira@claro.com.ni', '0010211971008M', 'NI SUBGCIA CAPACITACION Y DESARROLLO', 'NI GERENCIA DE RECURSOS HUMANOS', 'FRENTE A LA NUEVA EMBAJADA AMERICANA', 'SERVICIOS DIVERSOS DE RECURSOS HUMANOS S.A.', 'ENITEL LAS PIEDRECITAS', 'ADMINISTRATIVO', 'CAMBIO_TIPO_DE_MARCAJE', 'SYNC_RRHH_CSV', 'NI COORD. CAPACITACION', 'NI SUBGCIA CAPACITACION Y DESARROLLO', 'NI GERENCIA DE RECURSOS HUMANOS', 'NI DIRECCION PAIS', NULL, NULL, '400850', '300048', NULL, 'NI SUBGCIA CAPACITACION Y DESARROLLO', 'NI GERENCIA DE RECURSOS HUMANOS');
INSERT INTO p_Usuarios (idUsuario, nombre, carnet, correo, telefono, activo, rolGlobal, idRol, pais, fechaCreacion, nombreCompleto, cargo, departamento, orgDepartamento, orgGerencia, idOrg, jefeCarnet, jefeNombre, jefeCorreo, fechaIngreso, genero, username, cedula, area, gerencia, direccion, empresa, ubicacion, tipo_empleado, tipo_contrato, fuente_datos, primer_nivel, segundo_nivel, tercer_nivel, cuarto_nivel, quinto_nivel, sexto_nivel, carnet_jefe2, carnet_jefe3, carnet_jefe4, subgerencia, ogerencia) VALUES (10, 'HARRY ALEXANDER GUEVARA ALEMAN', '402262', 'harry.guevara@claro.com.ni', NULL, 1, 'Empleado', NULL, 'NI', '2026-01-19 09:19:51', 'HARRY ALEXANDER GUEVARA ALEMAN', 'ESPECIALISTA DE CAPACITACION B', 'MANAGUA', 'NI COORD. CAPACITACION', 'NI GERENCIA DE RECURSOS HUMANOS', '3.00E+14', '400543', 'BELKIS NINOSKA CASTELLON', 'belkis.castellon@claro.com.ni', '2022-07-25 06:00:00', 'M', 'harry.guevara@claro.com.ni', '0010111970003S', 'NI SUBGCIA CAPACITACION Y DESARROLLO', 'NI GERENCIA DE RECURSOS HUMANOS', 'FRENTE A LA NUEVA EMBAJADA AMERICANA', 'SERVICIOS DIVERSOS DE RECURSOS HUMANOS S.A.', 'ENITEL LAS PIEDRECITAS', 'ADMINISTRATIVO', 'CAMBIO_TIPO_DE_MARCAJE', 'SYNC_RRHH_CSV', 'NI COORD. CAPACITACION', 'NI SUBGCIA CAPACITACION Y DESARROLLO', 'NI GERENCIA DE RECURSOS HUMANOS', 'NI DIRECCION PAIS', NULL, NULL, '400850', '300048', NULL, 'NI SUBGCIA CAPACITACION Y DESARROLLO', 'NI GERENCIA DE RECURSOS HUMANOS');
INSERT INTO p_Usuarios (idUsuario, nombre, carnet, correo, telefono, activo, rolGlobal, idRol, pais, fechaCreacion, nombreCompleto, cargo, departamento, orgDepartamento, orgGerencia, idOrg, jefeCarnet, jefeNombre, jefeCorreo, fechaIngreso, genero, username, cedula, area, gerencia, direccion, empresa, ubicacion, tipo_empleado, tipo_contrato, fuente_datos, primer_nivel, segundo_nivel, tercer_nivel, cuarto_nivel, quinto_nivel, sexto_nivel, carnet_jefe2, carnet_jefe3, carnet_jefe4, subgerencia, ogerencia) VALUES (11, 'BRYAM RICARDO MARTINEZ PRADO', '500322', 'bryam.martinez@claro.com.ni', NULL, 1, 'Empleado', NULL, 'NI', '2026-01-19 09:19:52', 'BRYAM RICARDO MARTINEZ PRADO', 'ESPECIALISTA DE CAPACITACION A', 'MANAGUA', 'NI COORD. CAPACITACION', 'NI GERENCIA DE RECURSOS HUMANOS', '3.00E+14', '400543', 'BELKIS NINOSKA CASTELLON', 'belkis.castellon@claro.com.ni', '2018-01-08 06:00:00', 'M', 'bryam.martinez@claro.com.ni', '0010609940077M', 'NI SUBGCIA CAPACITACION Y DESARROLLO', 'NI GERENCIA DE RECURSOS HUMANOS', 'FRENTE A LA NUEVA EMBAJADA AMERICANA', 'SERVICIOS DIVERSOS DE RECURSOS HUMANOS S.A.', 'ENITEL LAS PIEDRECITAS', 'ADMINISTRATIVO', 'CLARO_ASCENSO', 'SYNC_RRHH_CSV', 'NI COORD. CAPACITACION', 'NI SUBGCIA CAPACITACION Y DESARROLLO', 'NI GERENCIA DE RECURSOS HUMANOS', 'NI DIRECCION PAIS', NULL, NULL, '400850', '300048', NULL, 'NI SUBGCIA CAPACITACION Y DESARROLLO', 'NI GERENCIA DE RECURSOS HUMANOS');
INSERT INTO p_Usuarios (idUsuario, nombre, carnet, correo, telefono, activo, rolGlobal, idRol, pais, fechaCreacion, nombreCompleto, cargo, departamento, orgDepartamento, orgGerencia, idOrg, jefeCarnet, jefeNombre, jefeCorreo, fechaIngreso, genero, username, cedula, area, gerencia, direccion, empresa, ubicacion, tipo_empleado, tipo_contrato, fuente_datos, primer_nivel, segundo_nivel, tercer_nivel, cuarto_nivel, quinto_nivel, sexto_nivel, carnet_jefe2, carnet_jefe3, carnet_jefe4, subgerencia, ogerencia) VALUES (12, 'BELKIS NINOSKA CASTELLON', '400543', 'belkis.castellon@claro.com.ni', NULL, 1, 'Empleado', NULL, 'NI', '2026-01-19 09:19:53', 'BELKIS NINOSKA CASTELLON', 'COORDINADOR DE CAPACITACION', 'MANAGUA', 'NI COORD. CAPACITACION', 'NI GERENCIA DE RECURSOS HUMANOS', '3.00E+14', '400850', 'SERGIO ALEXANDER MARTINEZ ESPINOZA', 'sergio.martinez@claro.com.ni', '2013-02-11 06:00:00', 'F', 'belkis.castellon@claro.com.ni', '8881211891000U', 'NI SUBGCIA CAPACITACION Y DESARROLLO', 'NI GERENCIA DE RECURSOS HUMANOS', 'FRENTE A LA NUEVA EMBAJADA AMERICANA', 'SERVICIOS DIVERSOS DE RECURSOS HUMANOS S.A.', 'ENITEL LAS PIEDRECITAS', 'ADMINISTRATIVO', 'CAMBIO_TIPO_DE_MARCAJE', 'SYNC_RRHH_CSV', 'NI COORD. CAPACITACION', 'NI SUBGCIA CAPACITACION Y DESARROLLO', 'NI GERENCIA DE RECURSOS HUMANOS', 'NI DIRECCION PAIS', NULL, NULL, '300048', NULL, NULL, 'NI SUBGCIA CAPACITACION Y DESARROLLO', 'NI GERENCIA DE RECURSOS HUMANOS');
INSERT INTO p_Usuarios (idUsuario, nombre, carnet, correo, telefono, activo, rolGlobal, idRol, pais, fechaCreacion, nombreCompleto, cargo, departamento, orgDepartamento, orgGerencia, idOrg, jefeCarnet, jefeNombre, jefeCorreo, fechaIngreso, genero, username, cedula, area, gerencia, direccion, empresa, ubicacion, tipo_empleado, tipo_contrato, fuente_datos, primer_nivel, segundo_nivel, tercer_nivel, cuarto_nivel, quinto_nivel, sexto_nivel, carnet_jefe2, carnet_jefe3, carnet_jefe4, subgerencia, ogerencia) VALUES (14, 'LINDA RASHEL URBINA ZEPEDA', '402408', 'linda.urbina@claro.com.ni', NULL, 1, 'Empleado', NULL, 'NI', '2026-01-19 09:19:55', 'LINDA RASHEL URBINA ZEPEDA', 'ESPECIALISTA RECURSOS HUMANOS A', 'MANAGUA', 'NI SUBGERENCIA DE COMPENSACIONES', 'NI GERENCIA DE RECURSOS HUMANOS', '3.00E+14', '1008937', 'AURORA DEL SOCORRO ESPINOZA DIAZ', 'aurora.espinoza@claro.com.ni', '2022-10-31 06:00:00', 'F', 'linda.urbina@claro.com.ni', '0012701960029S', 'NI SUBGERENCIA DE COMPENSACIONES', 'NI GERENCIA DE RECURSOS HUMANOS', 'Santo Domingo, Casa Protocolo.', 'SERVICIOS DIVERSOS DE RECURSOS HUMANOS S.A.', 'ENITEL CASA PROTOCOLO(STO.DGO MGA)', 'ADMINISTRATIVO', 'JOB_CHANGE', 'SYNC_RRHH_CSV', 'NI SUBGERENCIA DE COMPENSACIONES', 'NI GERENCIA DE RECURSOS HUMANOS', 'NI DIRECCION PAIS', NULL, NULL, NULL, '300048', NULL, NULL, 'NI SUBGERENCIA DE COMPENSACIONES', 'NI GERENCIA DE RECURSOS HUMANOS');
INSERT INTO p_Usuarios (idUsuario, nombre, carnet, correo, telefono, activo, rolGlobal, idRol, pais, fechaCreacion, nombreCompleto, cargo, departamento, orgDepartamento, orgGerencia, idOrg, jefeCarnet, jefeNombre, jefeCorreo, fechaIngreso, genero, username, cedula, area, gerencia, direccion, empresa, ubicacion, tipo_empleado, tipo_contrato, fuente_datos, primer_nivel, segundo_nivel, tercer_nivel, cuarto_nivel, quinto_nivel, sexto_nivel, carnet_jefe2, carnet_jefe3, carnet_jefe4, subgerencia, ogerencia) VALUES (15, 'MARTHA MARIA MORALES CABRERA', '706', 'maria.morales1@claro.com.ni', NULL, 1, 'Empleado', NULL, 'NI', '2026-01-19 09:19:56', 'MARTHA MARIA MORALES CABRERA', 'ESPECIALISTA RECURSOS HUMANOS A', 'MANAGUA', 'NI SUBGERENCIA DE COMPENSACIONES', 'NI GERENCIA DE RECURSOS HUMANOS', '3.00E+14', '1008937', 'AURORA DEL SOCORRO ESPINOZA DIAZ', 'aurora.espinoza@claro.com.ni', '2007-05-14 06:00:00', 'F', 'maria.morales1@claro.com.ni', '2812008770003S', 'NI SUBGERENCIA DE COMPENSACIONES', 'NI GERENCIA DE RECURSOS HUMANOS', 'Santo Domingo, Casa Protocolo.', 'SERVICIOS DIVERSOS DE RECURSOS HUMANOS S.A.', 'ENITEL CASA PROTOCOLO(STO.DGO MGA)', 'ADMINISTRATIVO', 'CAMBIO_TIPO_DE_MARCAJE', 'SYNC_RRHH_CSV', 'NI SUBGERENCIA DE COMPENSACIONES', 'NI GERENCIA DE RECURSOS HUMANOS', 'NI DIRECCION PAIS', NULL, NULL, NULL, '300048', NULL, NULL, 'NI SUBGERENCIA DE COMPENSACIONES', 'NI GERENCIA DE RECURSOS HUMANOS');
INSERT INTO p_Usuarios (idUsuario, nombre, carnet, correo, telefono, activo, rolGlobal, idRol, pais, fechaCreacion, nombreCompleto, cargo, departamento, orgDepartamento, orgGerencia, idOrg, jefeCarnet, jefeNombre, jefeCorreo, fechaIngreso, genero, username, cedula, area, gerencia, direccion, empresa, ubicacion, tipo_empleado, tipo_contrato, fuente_datos, primer_nivel, segundo_nivel, tercer_nivel, cuarto_nivel, quinto_nivel, sexto_nivel, carnet_jefe2, carnet_jefe3, carnet_jefe4, subgerencia, ogerencia) VALUES (16, 'AURORA DEL SOCORRO ESPINOZA DIAZ', '1008937', 'aurora.espinoza@claro.com.ni', NULL, 1, 'Empleado', NULL, 'NI', '2026-01-19 09:19:57', 'AURORA DEL SOCORRO ESPINOZA DIAZ', 'SUBGERENTE DE COMPENSACIONES', 'MANAGUA', 'NI SUBGERENCIA DE COMPENSACIONES', 'NI GERENCIA DE RECURSOS HUMANOS', '3.00E+14', '300042', 'JUAN CARLOS ORTUÑO PADILLA', 'juan.ortuno@claro.com.ni', '2024-10-07 06:00:00', 'F', 'aurora.espinoza@claro.com.ni', '0010704850020T', 'NI SUBGERENCIA DE COMPENSACIONES', 'NI GERENCIA DE RECURSOS HUMANOS', 'Santo Domingo, Casa Protocolo.', 'EMPRESA NICARAGUENSE DE TELECOMUNICACIONES S. A.', 'ENITEL CASA PROTOCOLO(STO.DGO MGA)', 'ADMINISTRATIVO', 'ORA_POS_SYNC', 'SYNC_RRHH_CSV', 'NI SUBGERENCIA DE COMPENSACIONES', 'NI GERENCIA DE RECURSOS HUMANOS', 'NI DIRECCION PAIS', NULL, NULL, NULL, NULL, NULL, NULL, 'NI SUBGERENCIA DE COMPENSACIONES', 'NI GERENCIA DE RECURSOS HUMANOS');
INSERT INTO p_Usuarios (idUsuario, nombre, carnet, correo, telefono, activo, rolGlobal, idRol, pais, fechaCreacion, nombreCompleto, cargo, departamento, orgDepartamento, orgGerencia, idOrg, jefeCarnet, jefeNombre, jefeCorreo, fechaIngreso, genero, username, cedula, area, gerencia, direccion, empresa, ubicacion, tipo_empleado, tipo_contrato, fuente_datos, primer_nivel, segundo_nivel, tercer_nivel, cuarto_nivel, quinto_nivel, sexto_nivel, carnet_jefe2, carnet_jefe3, carnet_jefe4, subgerencia, ogerencia) VALUES (6, 'NELSON ENRIQUE PEREZ FONSECA', '300034', 'nelson.perez@claro.com.ni', NULL, 1, 'Empleado', NULL, 'NI', '2026-01-19 09:19:46', 'NELSON ENRIQUE PEREZ FONSECA', 'SUBGERENTE RELACIONES LABORALES', 'MANAGUA', 'NI SUBGCIA DE RELACIONES LABORALES Y SEGURIDAD INDUSTRIAL', 'NI GERENCIA DE RECURSOS HUMANOS', '3.00E+14', '300042', 'JUAN CARLOS ORTUÑO PADILLA', 'juan.ortuno@claro.com.ni', '2013-04-15 06:00:00', 'M', 'nelson.perez@claro.com.ni', '0010209830023E', 'NI SUBGCIA DE RELACIONES LABORALES Y SEGURIDAD INDUSTRIAL', 'NI GERENCIA DE RECURSOS HUMANOS', 'Santo Domingo, Casa Protocolo.', 'EMPRESA NICARAGUENSE DE TELECOMUNICACIONES S. A.', 'ENITEL CASA PROTOCOLO(STO.DGO MGA)', 'ADMINISTRATIVO', 'ORA_POS_SYNC', 'SYNC_RRHH_CSV', 'NI SUBGCIA DE RELACIONES LABORALES Y SEGURIDAD INDUSTRIAL', 'NI GERENCIA DE RECURSOS HUMANOS', 'NI DIRECCION PAIS', NULL, NULL, NULL, NULL, NULL, NULL, 'NI SUBGCIA DE RELACIONES LABORALES Y SEGURIDAD INDUSTRIAL', 'NI GERENCIA DE RECURSOS HUMANOS');
INSERT INTO p_Usuarios (idUsuario, nombre, carnet, correo, telefono, activo, rolGlobal, idRol, pais, fechaCreacion, nombreCompleto, cargo, departamento, orgDepartamento, orgGerencia, idOrg, jefeCarnet, jefeNombre, jefeCorreo, fechaIngreso, genero, username, cedula, area, gerencia, direccion, empresa, ubicacion, tipo_empleado, tipo_contrato, fuente_datos, primer_nivel, segundo_nivel, tercer_nivel, cuarto_nivel, quinto_nivel, sexto_nivel, carnet_jefe2, carnet_jefe3, carnet_jefe4, subgerencia, ogerencia) VALUES (21, 'EDGARDO JOSE SABALLOS VELAZQUEZ', '1009828', 'edgardo.saballos@claro.com.ni', NULL, 1, 'Empleado', NULL, 'NI', '2026-01-19 09:20:02', 'EDGARDO JOSE SABALLOS VELAZQUEZ', 'ESPECIALISTA RECURSOS HUMANOS B', 'MANAGUA', 'NI COORD. DE TRANSPORTE', 'NI GERENCIA DE RECURSOS HUMANOS', '3.00E+14', '402178', 'ALI ADOLFO RODRIGUEZ URIARTE', 'ali.rodriguez@claro.com.ni', '2025-01-06 06:00:00', 'M', 'EDGARDO.SABALLOS', '0010701940034Q', 'NI SUBGERENCIA DE RECURSOS HUMANOS', 'NI GERENCIA DE RECURSOS HUMANOS', 'FRENTE A LA NUEVA EMBAJADA AMERICANA', 'SERVICIOS DIVERSOS DE RECURSOS HUMANOS S.A.', 'ENITEL LAS PIEDRECITAS', 'ADMINISTRATIVO', 'CAMBIO_TIPO_DE_MARCAJE', 'SYNC_RRHH_CSV', 'NI COORD. DE TRANSPORTE', 'NI SUBGERENCIA DE RECURSOS HUMANOS', 'NI GERENCIA DE RECURSOS HUMANOS', 'NI DIRECCION PAIS', NULL, NULL, '300042', '300048', NULL, 'NI SUBGERENCIA DE RECURSOS HUMANOS', 'NI GERENCIA DE RECURSOS HUMANOS');
INSERT INTO p_Usuarios (idUsuario, nombre, carnet, correo, telefono, activo, rolGlobal, idRol, pais, fechaCreacion, nombreCompleto, cargo, departamento, orgDepartamento, orgGerencia, idOrg, jefeCarnet, jefeNombre, jefeCorreo, fechaIngreso, genero, username, cedula, area, gerencia, direccion, empresa, ubicacion, tipo_empleado, tipo_contrato, fuente_datos, primer_nivel, segundo_nivel, tercer_nivel, cuarto_nivel, quinto_nivel, sexto_nivel, carnet_jefe2, carnet_jefe3, carnet_jefe4, subgerencia, ogerencia) VALUES (24, 'CANDIDA JAZMINA SANCHEZ LOPEZ', '772', 'candida.sanchez@claro.com.ni', NULL, 1, 'Empleado', NULL, 'NI', '2026-01-19 09:20:06', 'CANDIDA JAZMINA SANCHEZ LOPEZ', 'COORDINADOR SOPORTE A LA OPERACION', 'MANAGUA', 'NI COORD. DE SOPORTE A LA OPERACION', 'NI GERENCIA DE RECURSOS HUMANOS', '3.00E+14', '300042', 'JUAN CARLOS ORTUÑO PADILLA', 'juan.ortuno@claro.com.ni', '2007-07-30 06:00:00', 'F', 'candida.sanchez@claro.com.ni', '0010706800003Q', 'NI SUBGERENCIA DE RECURSOS HUMANOS', 'NI GERENCIA DE RECURSOS HUMANOS', 'Santo Domingo, Casa Protocolo.', 'EMPRESA NICARAGUENSE DE TELECOMUNICACIONES S. A.', 'ENITEL CASA PROTOCOLO(STO.DGO MGA)', 'ADMINISTRATIVO', 'CAMBIO_TIPO_DE_MARCAJE', 'SYNC_RRHH_CSV', 'NI COORD. DE SOPORTE A LA OPERACION', 'NI SUBGERENCIA DE RECURSOS HUMANOS', 'NI GERENCIA DE RECURSOS HUMANOS', 'NI DIRECCION PAIS', NULL, NULL, '300048', NULL, NULL, 'NI SUBGERENCIA DE RECURSOS HUMANOS', 'NI GERENCIA DE RECURSOS HUMANOS');
INSERT INTO p_Usuarios (idUsuario, nombre, carnet, correo, telefono, activo, rolGlobal, idRol, pais, fechaCreacion, nombreCompleto, cargo, departamento, orgDepartamento, orgGerencia, idOrg, jefeCarnet, jefeNombre, jefeCorreo, fechaIngreso, genero, username, cedula, area, gerencia, direccion, empresa, ubicacion, tipo_empleado, tipo_contrato, fuente_datos, primer_nivel, segundo_nivel, tercer_nivel, cuarto_nivel, quinto_nivel, sexto_nivel, carnet_jefe2, carnet_jefe3, carnet_jefe4, subgerencia, ogerencia) VALUES (25, 'JILMA CAROLINA ZELAYA GARCIA', '402035', 'jilma.zelaya@claro.com.ni', NULL, 1, 'Empleado', NULL, 'NI', '2026-01-19 09:20:07', 'JILMA CAROLINA ZELAYA GARCIA', 'ESPECIALISTA DE BIENESTAR SOCIAL', 'MANAGUA', 'NI SUBGCIA CAPACITACION Y DESARROLLO', 'NI GERENCIA DE RECURSOS HUMANOS', '3.00E+14', '400850', 'SERGIO ALEXANDER MARTINEZ ESPINOZA', 'sergio.martinez@claro.com.ni', '2019-08-05 06:00:00', 'F', 'jilma.zelaya@claro.com.ni', '0010102950027V', 'NI SUBGCIA CAPACITACION Y DESARROLLO', 'NI GERENCIA DE RECURSOS HUMANOS', 'FRENTE A LA NUEVA EMBAJADA AMERICANA', 'SERVICIOS DIVERSOS DE RECURSOS HUMANOS S.A.', 'ENITEL LAS PIEDRECITAS', 'ADMINISTRATIVO', 'CAMBIO_TIPO_DE_MARCAJE', 'SYNC_RRHH_CSV', 'NI SUBGCIA CAPACITACION Y DESARROLLO', 'NI GERENCIA DE RECURSOS HUMANOS', 'NI DIRECCION PAIS', NULL, NULL, NULL, '300048', NULL, NULL, 'NI SUBGCIA CAPACITACION Y DESARROLLO', 'NI GERENCIA DE RECURSOS HUMANOS');
INSERT INTO p_Usuarios (idUsuario, nombre, carnet, correo, telefono, activo, rolGlobal, idRol, pais, fechaCreacion, nombreCompleto, cargo, departamento, orgDepartamento, orgGerencia, idOrg, jefeCarnet, jefeNombre, jefeCorreo, fechaIngreso, genero, username, cedula, area, gerencia, direccion, empresa, ubicacion, tipo_empleado, tipo_contrato, fuente_datos, primer_nivel, segundo_nivel, tercer_nivel, cuarto_nivel, quinto_nivel, sexto_nivel, carnet_jefe2, carnet_jefe3, carnet_jefe4, subgerencia, ogerencia) VALUES (26, 'ALLAN MAURICIO HERNANDEZ', '402105', 'allanm.hernandez@claro.com.ni', NULL, 1, 'Empleado', NULL, 'NI', '2026-01-19 09:20:08', 'ALLAN MAURICIO HERNANDEZ', 'ESPECIALISTA RECURSOS HUMANOS A', 'MANAGUA', 'NI SUBGCIA CAPACITACION Y DESARROLLO', 'NI GERENCIA DE RECURSOS HUMANOS', '3.00E+14', '400850', 'SERGIO ALEXANDER MARTINEZ ESPINOZA', 'sergio.martinez@claro.com.ni', '2019-11-25 06:00:00', 'M', 'allanm.hernandez@claro.com.ni', '0010909950017X', 'NI SUBGCIA CAPACITACION Y DESARROLLO', 'NI GERENCIA DE RECURSOS HUMANOS', 'FRENTE A LA NUEVA EMBAJADA AMERICANA', 'SERVICIOS DIVERSOS DE RECURSOS HUMANOS S.A.', 'ENITEL LAS PIEDRECITAS', 'ADMINISTRATIVO', 'CAMBIO_TIPO_DE_MARCAJE', 'SYNC_RRHH_CSV', 'NI SUBGCIA CAPACITACION Y DESARROLLO', 'NI GERENCIA DE RECURSOS HUMANOS', 'NI DIRECCION PAIS', NULL, NULL, NULL, '300048', NULL, NULL, 'NI SUBGCIA CAPACITACION Y DESARROLLO', 'NI GERENCIA DE RECURSOS HUMANOS');
INSERT INTO p_Usuarios (idUsuario, nombre, carnet, correo, telefono, activo, rolGlobal, idRol, pais, fechaCreacion, nombreCompleto, cargo, departamento, orgDepartamento, orgGerencia, idOrg, jefeCarnet, jefeNombre, jefeCorreo, fechaIngreso, genero, username, cedula, area, gerencia, direccion, empresa, ubicacion, tipo_empleado, tipo_contrato, fuente_datos, primer_nivel, segundo_nivel, tercer_nivel, cuarto_nivel, quinto_nivel, sexto_nivel, carnet_jefe2, carnet_jefe3, carnet_jefe4, subgerencia, ogerencia) VALUES (28, 'MILCY CAROLINA VELASQUEZ QUINTANILLA', '401992', 'milcy.velasquez@claro.com.ni', NULL, 1, 'Empleado', NULL, 'NI', '2026-01-19 09:20:10', 'MILCY CAROLINA VELASQUEZ QUINTANILLA', 'ESPECIALISTA RECURSOS HUMANOS A', 'MANAGUA', 'NI SUBGCIA CAPACITACION Y DESARROLLO', 'NI GERENCIA DE RECURSOS HUMANOS', '3.00E+14', '400850', 'SERGIO ALEXANDER MARTINEZ ESPINOZA', 'sergio.martinez@claro.com.ni', '2019-07-08 06:00:00', 'F', 'milcy.velasquez@claro.com.ni', '0013009970044M', 'NI SUBGCIA CAPACITACION Y DESARROLLO', 'NI GERENCIA DE RECURSOS HUMANOS', 'FRENTE A LA NUEVA EMBAJADA AMERICANA', 'SERVICIOS DIVERSOS DE RECURSOS HUMANOS S.A.', 'ENITEL LAS PIEDRECITAS', 'ADMINISTRATIVO', 'CAMBIO_TIPO_DE_MARCAJE', 'SYNC_RRHH_CSV', 'NI SUBGCIA CAPACITACION Y DESARROLLO', 'NI GERENCIA DE RECURSOS HUMANOS', 'NI DIRECCION PAIS', NULL, NULL, NULL, '300048', NULL, NULL, 'NI SUBGCIA CAPACITACION Y DESARROLLO', 'NI GERENCIA DE RECURSOS HUMANOS');
INSERT INTO p_Usuarios (idUsuario, nombre, carnet, correo, telefono, activo, rolGlobal, idRol, pais, fechaCreacion, nombreCompleto, cargo, departamento, orgDepartamento, orgGerencia, idOrg, jefeCarnet, jefeNombre, jefeCorreo, fechaIngreso, genero, username, cedula, area, gerencia, direccion, empresa, ubicacion, tipo_empleado, tipo_contrato, fuente_datos, primer_nivel, segundo_nivel, tercer_nivel, cuarto_nivel, quinto_nivel, sexto_nivel, carnet_jefe2, carnet_jefe3, carnet_jefe4, subgerencia, ogerencia) VALUES (29, 'SERGIO ALEXANDER MARTINEZ ESPINOZA', '400850', 'sergio.martinez@claro.com.ni', NULL, 1, 'Empleado', NULL, 'NI', '2026-01-19 09:20:11', 'SERGIO ALEXANDER MARTINEZ ESPINOZA', 'SUBGERENTE CAPACITACION Y DESARROLLO', 'MANAGUA', 'NI SUBGCIA CAPACITACION Y DESARROLLO', 'NI GERENCIA DE RECURSOS HUMANOS', '3.00E+14', '300042', 'JUAN CARLOS ORTUÑO PADILLA', 'juan.ortuno@claro.com.ni', '2014-04-21 06:00:00', 'M', 'sergio.martinez@claro.com.ni', '0013108880035W', 'NI SUBGCIA CAPACITACION Y DESARROLLO', 'NI GERENCIA DE RECURSOS HUMANOS', 'FRENTE A LA NUEVA EMBAJADA AMERICANA', 'EMPRESA NICARAGUENSE DE TELECOMUNICACIONES S. A.', 'ENITEL LAS PIEDRECITAS', 'ADMINISTRATIVO', 'ORA_POS_SYNC', 'SYNC_RRHH_CSV', 'NI SUBGCIA CAPACITACION Y DESARROLLO', 'NI GERENCIA DE RECURSOS HUMANOS', 'NI DIRECCION PAIS', NULL, NULL, NULL, NULL, NULL, NULL, 'NI SUBGCIA CAPACITACION Y DESARROLLO', 'NI GERENCIA DE RECURSOS HUMANOS');
INSERT INTO p_Usuarios (idUsuario, nombre, carnet, correo, telefono, activo, rolGlobal, idRol, pais, fechaCreacion, nombreCompleto, cargo, departamento, orgDepartamento, orgGerencia, idOrg, jefeCarnet, jefeNombre, jefeCorreo, fechaIngreso, genero, username, cedula, area, gerencia, direccion, empresa, ubicacion, tipo_empleado, tipo_contrato, fuente_datos, primer_nivel, segundo_nivel, tercer_nivel, cuarto_nivel, quinto_nivel, sexto_nivel, carnet_jefe2, carnet_jefe3, carnet_jefe4, subgerencia, ogerencia) VALUES (30, 'SCARLETH VANESSA VIVAS PEREZ', '666', 'scarleth.vivas@claro.com.ni', NULL, 1, 'Empleado', NULL, 'NI', '2026-01-19 09:20:12', 'SCARLETH VANESSA VIVAS PEREZ', 'ESPECIALISTA RECURSOS HUMANOS A', 'MANAGUA', 'NI GERENCIA DE RECURSOS HUMANOS', 'NI GERENCIA DE RECURSOS HUMANOS', '3.00E+14', '300048', 'ANTONIO VEGA SANDOVAL', 'antonio.vega@claro.com.ni', '2007-03-26 06:00:00', 'F', 'scarleth.vivas@claro.com.ni', '0011007780019G', 'NO APLICA', 'NI GERENCIA DE RECURSOS HUMANOS', 'Santo Domingo, Casa Protocolo.', 'EMPRESA NICARAGUENSE DE TELECOMUNICACIONES S. A.', 'ENITEL CASA PROTOCOLO(STO.DGO MGA)', 'ADMINISTRATIVO', 'ORA_POS_SYNC', 'SYNC_RRHH_CSV', 'NI GERENCIA DE RECURSOS HUMANOS', 'NI DIRECCION PAIS', NULL, NULL, NULL, NULL, NULL, NULL, NULL, 'NO APLICA', 'NI GERENCIA DE RECURSOS HUMANOS');
INSERT INTO p_Usuarios (idUsuario, nombre, carnet, correo, telefono, activo, rolGlobal, idRol, pais, fechaCreacion, nombreCompleto, cargo, departamento, orgDepartamento, orgGerencia, idOrg, jefeCarnet, jefeNombre, jefeCorreo, fechaIngreso, genero, username, cedula, area, gerencia, direccion, empresa, ubicacion, tipo_empleado, tipo_contrato, fuente_datos, primer_nivel, segundo_nivel, tercer_nivel, cuarto_nivel, quinto_nivel, sexto_nivel, carnet_jefe2, carnet_jefe3, carnet_jefe4, subgerencia, ogerencia) VALUES (19, 'RAMON IVAN DIAZ URBINA', '233269', 'ramon.diaz@claro.com.ni', NULL, 1, 'Empleado', NULL, 'NI', '2026-01-19 09:20:00', 'RAMON IVAN DIAZ URBINA', 'CONDUCTOR DE VEHICULO', 'MANAGUA', 'NI COORD. DE TRANSPORTE', 'NI GERENCIA DE RECURSOS HUMANOS', '3.00E+14', '402178', 'ALI ADOLFO RODRIGUEZ URIARTE', 'ali.rodriguez@claro.com.ni', '1994-05-02 05:00:00', 'M', 'ramon.diaz@claro.com.ni', '0013108610061W', 'NI SUBGERENCIA DE RECURSOS HUMANOS', 'NI GERENCIA DE RECURSOS HUMANOS', 'FRENTE A LA NUEVA EMBAJADA AMERICANA', 'EMPRESA NICARAGUENSE DE TELECOMUNICACIONES S. A.', 'ENITEL LAS PIEDRECITAS', 'OPERATIVO', 'EMP_SINDICATO', 'SYNC_RRHH_CSV', 'NI COORD. DE TRANSPORTE', 'NI SUBGERENCIA DE RECURSOS HUMANOS', 'NI GERENCIA DE RECURSOS HUMANOS', 'NI DIRECCION PAIS', NULL, NULL, '300042', '300048', NULL, 'NI SUBGERENCIA DE RECURSOS HUMANOS', 'NI GERENCIA DE RECURSOS HUMANOS');
INSERT INTO p_Usuarios (idUsuario, nombre, carnet, correo, telefono, activo, rolGlobal, idRol, pais, fechaCreacion, nombreCompleto, cargo, departamento, orgDepartamento, orgGerencia, idOrg, jefeCarnet, jefeNombre, jefeCorreo, fechaIngreso, genero, username, cedula, area, gerencia, direccion, empresa, ubicacion, tipo_empleado, tipo_contrato, fuente_datos, primer_nivel, segundo_nivel, tercer_nivel, cuarto_nivel, quinto_nivel, sexto_nivel, carnet_jefe2, carnet_jefe3, carnet_jefe4, subgerencia, ogerencia) VALUES (20, 'ALI ADOLFO RODRIGUEZ URIARTE', '402178', 'ali.rodriguez@claro.com.ni', NULL, 1, 'Empleado', NULL, 'NI', '2026-01-19 09:20:01', 'ALI ADOLFO RODRIGUEZ URIARTE', 'SUPERVISOR FLOTA AUTOMOTRIZ', 'MANAGUA', 'NI COORD. DE TRANSPORTE', 'NI GERENCIA DE RECURSOS HUMANOS', '3.00E+14', '300042', 'JUAN CARLOS ORTUÑO PADILLA', 'juan.ortuno@claro.com.ni', '2020-04-20 06:00:00', 'M', 'ali.rodriguez@claro.com.ni', '0010102840013Q', 'NI SUBGERENCIA DE RECURSOS HUMANOS', 'NI GERENCIA DE RECURSOS HUMANOS', 'FRENTE A LA NUEVA EMBAJADA AMERICANA', 'SERVICIOS DIVERSOS DE RECURSOS HUMANOS S.A.', 'ENITEL LAS PIEDRECITAS', 'ADMINISTRATIVO', 'CAMBIO_TIPO_DE_MARCAJE', 'SYNC_RRHH_CSV', 'NI COORD. DE TRANSPORTE', 'NI SUBGERENCIA DE RECURSOS HUMANOS', 'NI GERENCIA DE RECURSOS HUMANOS', 'NI DIRECCION PAIS', NULL, NULL, '300048', NULL, NULL, 'NI SUBGERENCIA DE RECURSOS HUMANOS', 'NI GERENCIA DE RECURSOS HUMANOS');
INSERT INTO p_Usuarios (idUsuario, nombre, carnet, correo, telefono, activo, rolGlobal, idRol, pais, fechaCreacion, nombreCompleto, cargo, departamento, orgDepartamento, orgGerencia, idOrg, jefeCarnet, jefeNombre, jefeCorreo, fechaIngreso, genero, username, cedula, area, gerencia, direccion, empresa, ubicacion, tipo_empleado, tipo_contrato, fuente_datos, primer_nivel, segundo_nivel, tercer_nivel, cuarto_nivel, quinto_nivel, sexto_nivel, carnet_jefe2, carnet_jefe3, carnet_jefe4, subgerencia, ogerencia) VALUES (35, 'JAVIER ANTONIO TORUÑO MENDOZA', '229354', 'javier.toruno@claro.com.ni', NULL, 1, 'Empleado', NULL, 'NI', '2026-01-19 09:20:18', 'JAVIER ANTONIO TORUÑO MENDOZA', 'COORDINADOR RRHH', 'MANAGUA', 'NI COORD. DE RECURSOS HUMANOS', 'NI GERENCIA DE RECURSOS HUMANOS', '3.00E+14', '300042', 'JUAN CARLOS ORTUÑO PADILLA', 'juan.ortuno@claro.com.ni', '2005-01-16 06:00:00', 'M', 'javier.toruno@claro.com.ni', '2881307710001X', 'NI SUBGERENCIA DE RECURSOS HUMANOS', 'NI GERENCIA DE RECURSOS HUMANOS', 'Santo Domingo, Casa Protocolo.', 'EMPRESA NICARAGUENSE DE TELECOMUNICACIONES S. A.', 'ENITEL CASA PROTOCOLO(STO.DGO MGA)', 'ADMINISTRATIVO', 'CAMBIO_TIPO_DE_MARCAJE', 'SYNC_RRHH_CSV', 'NI COORD. DE RECURSOS HUMANOS', 'NI SUBGERENCIA DE RECURSOS HUMANOS', 'NI GERENCIA DE RECURSOS HUMANOS', 'NI DIRECCION PAIS', NULL, NULL, '300048', NULL, NULL, 'NI SUBGERENCIA DE RECURSOS HUMANOS', 'NI GERENCIA DE RECURSOS HUMANOS');
INSERT INTO p_Usuarios (idUsuario, nombre, carnet, correo, telefono, activo, rolGlobal, idRol, pais, fechaCreacion, nombreCompleto, cargo, departamento, orgDepartamento, orgGerencia, idOrg, jefeCarnet, jefeNombre, jefeCorreo, fechaIngreso, genero, username, cedula, area, gerencia, direccion, empresa, ubicacion, tipo_empleado, tipo_contrato, fuente_datos, primer_nivel, segundo_nivel, tercer_nivel, cuarto_nivel, quinto_nivel, sexto_nivel, carnet_jefe2, carnet_jefe3, carnet_jefe4, subgerencia, ogerencia) VALUES (36, 'MARIO ALBERTO RIOS GUILLEN', '500313', 'mario.rios@claro.com.ni', NULL, 1, 'Empleado', NULL, 'NI', '2026-01-19 09:20:19', 'MARIO ALBERTO RIOS GUILLEN', 'ESPECIALISTA DE NOMINA', 'MANAGUA', 'NI COORD. DE RECURSOS HUMANOS', 'NI GERENCIA DE RECURSOS HUMANOS', '3.00E+14', '229354', 'JAVIER ANTONIO TORUÑO MENDOZA', 'javier.toruno@claro.com.ni', '2017-10-09 06:00:00', 'M', 'mario.rios@claro.com.ni', '0012607930019K', 'NI SUBGERENCIA DE RECURSOS HUMANOS', 'NI GERENCIA DE RECURSOS HUMANOS', 'Santo Domingo, Casa Protocolo.', 'SERVICIOS DIVERSOS DE RECURSOS HUMANOS S.A.', 'ENITEL CASA PROTOCOLO(STO.DGO MGA)', 'ADMINISTRATIVO', 'CLARO_ASCENSO', 'SYNC_RRHH_CSV', 'NI COORD. DE RECURSOS HUMANOS', 'NI SUBGERENCIA DE RECURSOS HUMANOS', 'NI GERENCIA DE RECURSOS HUMANOS', 'NI DIRECCION PAIS', NULL, NULL, '300042', '300048', NULL, 'NI SUBGERENCIA DE RECURSOS HUMANOS', 'NI GERENCIA DE RECURSOS HUMANOS');
INSERT INTO p_Usuarios (idUsuario, nombre, carnet, correo, telefono, activo, rolGlobal, idRol, pais, fechaCreacion, nombreCompleto, cargo, departamento, orgDepartamento, orgGerencia, idOrg, jefeCarnet, jefeNombre, jefeCorreo, fechaIngreso, genero, username, cedula, area, gerencia, direccion, empresa, ubicacion, tipo_empleado, tipo_contrato, fuente_datos, primer_nivel, segundo_nivel, tercer_nivel, cuarto_nivel, quinto_nivel, sexto_nivel, carnet_jefe2, carnet_jefe3, carnet_jefe4, subgerencia, ogerencia) VALUES (39, 'ERICK ALBERTO NICOLAS MONTENEGRO', '500428', 'erick.nicolas@claro.com.ni', NULL, 1, 'Empleado', NULL, 'NI', '2026-01-19 09:20:22', 'ERICK ALBERTO NICOLAS MONTENEGRO', 'SUPERVISOR DE HIGIENE Y SEGURIDAD A', 'MANAGUA', 'NI COORD. DE HIGIENE Y SEGURIDAD', 'NI GERENCIA DE RECURSOS HUMANOS', '3.00E+14', '1006062', 'ANDRES ERNESTO DUQUE SALAZAR', 'andres.duque@claro.com.ni', '2019-09-30 06:00:00', 'M', 'erick.nicolas@claro.com.ni', '0012810950049F', 'NI SUBGCIA DE RELACIONES LABORALES Y SEGURIDAD INDUSTRIAL', 'NI GERENCIA DE RECURSOS HUMANOS', 'Santo Domingo, Casa Protocolo.', 'SERVICIOS DIVERSOS DE RECURSOS HUMANOS S.A.', 'ENITEL CASA PROTOCOLO(STO.DGO MGA)', 'ADMINISTRATIVO', 'CAMBIO_TIPO_DE_MARCAJE', 'SYNC_RRHH_CSV', 'NI COORD. DE HIGIENE Y SEGURIDAD', 'NI SUBGCIA DE RELACIONES LABORALES Y SEGURIDAD INDUSTRIAL', 'NI GERENCIA DE RECURSOS HUMANOS', 'NI DIRECCION PAIS', NULL, NULL, '300034', '300048', NULL, 'NI SUBGCIA DE RELACIONES LABORALES Y SEGURIDAD INDUSTRIAL', 'NI GERENCIA DE RECURSOS HUMANOS');
INSERT INTO p_Usuarios (idUsuario, nombre, carnet, correo, telefono, activo, rolGlobal, idRol, pais, fechaCreacion, nombreCompleto, cargo, departamento, orgDepartamento, orgGerencia, idOrg, jefeCarnet, jefeNombre, jefeCorreo, fechaIngreso, genero, username, cedula, area, gerencia, direccion, empresa, ubicacion, tipo_empleado, tipo_contrato, fuente_datos, primer_nivel, segundo_nivel, tercer_nivel, cuarto_nivel, quinto_nivel, sexto_nivel, carnet_jefe2, carnet_jefe3, carnet_jefe4, subgerencia, ogerencia) VALUES (40, 'ANDRES ERNESTO DUQUE SALAZAR', '1006062', 'andres.duque@claro.com.ni', NULL, 1, 'Empleado', NULL, 'NI', '2026-01-19 09:20:23', 'ANDRES ERNESTO DUQUE SALAZAR', 'COORDINADOR DE HIGIENE Y SEGURIDAD', 'MANAGUA', 'NI COORD. DE HIGIENE Y SEGURIDAD', 'NI GERENCIA DE RECURSOS HUMANOS', '3.00E+14', '300034', 'NELSON ENRIQUE PEREZ FONSECA', 'nelson.perez@claro.com.ni', '2024-04-15 06:00:00', 'M', 'andres.duque@claro.com.ni', '0012811960006K', 'NI SUBGCIA DE RELACIONES LABORALES Y SEGURIDAD INDUSTRIAL', 'NI GERENCIA DE RECURSOS HUMANOS', 'Santo Domingo, Casa Protocolo.', 'EMPRESA NICARAGUENSE DE TELECOMUNICACIONES S. A.', 'ENITEL CASA PROTOCOLO(STO.DGO MGA)', 'ADMINISTRATIVO', 'CAMBIO_TIPO_DE_MARCAJE', 'SYNC_RRHH_CSV', 'NI COORD. DE HIGIENE Y SEGURIDAD', 'NI SUBGCIA DE RELACIONES LABORALES Y SEGURIDAD INDUSTRIAL', 'NI GERENCIA DE RECURSOS HUMANOS', 'NI DIRECCION PAIS', NULL, NULL, '300048', NULL, NULL, 'NI SUBGCIA DE RELACIONES LABORALES Y SEGURIDAD INDUSTRIAL', 'NI GERENCIA DE RECURSOS HUMANOS');
INSERT INTO p_Usuarios (idUsuario, nombre, carnet, correo, telefono, activo, rolGlobal, idRol, pais, fechaCreacion, nombreCompleto, cargo, departamento, orgDepartamento, orgGerencia, idOrg, jefeCarnet, jefeNombre, jefeCorreo, fechaIngreso, genero, username, cedula, area, gerencia, direccion, empresa, ubicacion, tipo_empleado, tipo_contrato, fuente_datos, primer_nivel, segundo_nivel, tercer_nivel, cuarto_nivel, quinto_nivel, sexto_nivel, carnet_jefe2, carnet_jefe3, carnet_jefe4, subgerencia, ogerencia) VALUES (2, 'TANIA AUXILIADORA AGUIRRE AGUILAR', '1005898', 'taniaa.aguirre@claro.com.ni', NULL, 1, 'Empleado', NULL, 'NI', '2026-01-19 09:19:41', 'TANIA AUXILIADORA AGUIRRE AGUILAR', 'ESPECIALISTA RECURSOS HUMANOS B', 'MANAGUA', 'NI SUBGERENCIA DE RECURSOS HUMANOS', 'NI GERENCIA DE RECURSOS HUMANOS', '3.00E+14', '300042', 'JUAN CARLOS ORTUÑO PADILLA', 'juan.ortuno@claro.com.ni', '2024-04-08 06:00:00', 'F', 'taniaa.aguirre@claro.com.ni', '0012011860021N', 'NI SUBGERENCIA DE RECURSOS HUMANOS', 'NI GERENCIA DE RECURSOS HUMANOS', 'Santo Domingo, Casa Protocolo.', 'SERVICIOS DIVERSOS DE RECURSOS HUMANOS S.A.', 'ENITEL LAS PIEDRECITAS', 'ADMINISTRATIVO', 'ORA_POS_SYNC', 'SYNC_RRHH_CSV', 'NI SUBGERENCIA DE RECURSOS HUMANOS', 'NI GERENCIA DE RECURSOS HUMANOS', 'NI DIRECCION PAIS', NULL, NULL, NULL, '300048', NULL, NULL, 'NI SUBGERENCIA DE RECURSOS HUMANOS', 'NI GERENCIA DE RECURSOS HUMANOS');
INSERT INTO p_Usuarios (idUsuario, nombre, carnet, correo, telefono, activo, rolGlobal, idRol, pais, fechaCreacion, nombreCompleto, cargo, departamento, orgDepartamento, orgGerencia, idOrg, jefeCarnet, jefeNombre, jefeCorreo, fechaIngreso, genero, username, cedula, area, gerencia, direccion, empresa, ubicacion, tipo_empleado, tipo_contrato, fuente_datos, primer_nivel, segundo_nivel, tercer_nivel, cuarto_nivel, quinto_nivel, sexto_nivel, carnet_jefe2, carnet_jefe3, carnet_jefe4, subgerencia, ogerencia) VALUES (4, 'MARLENE DE LA CONCEPCION ROSALES SERRANO', '256412', 'marlene.rosales@claro.com.ni', NULL, 1, 'Empleado', NULL, 'NI', '2026-01-19 09:19:44', 'MARLENE DE LA CONCEPCION ROSALES SERRANO', 'ESPECIALISTA LABORAL', 'MANAGUA', 'NI SUBGCIA DE RELACIONES LABORALES Y SEGURIDAD INDUSTRIAL', 'NI GERENCIA DE RECURSOS HUMANOS', '3.00E+14', '300034', 'NELSON ENRIQUE PEREZ FONSECA', 'nelson.perez@claro.com.ni', '2003-10-01 06:00:00', 'F', 'marlene.rosales@claro.com.ni', '0010908680061L', 'NI SUBGCIA DE RELACIONES LABORALES Y SEGURIDAD INDUSTRIAL', 'NI GERENCIA DE RECURSOS HUMANOS', 'Santo Domingo, Casa Protocolo.', 'EMPRESA NICARAGUENSE DE TELECOMUNICACIONES S. A.', 'ENITEL CASA PROTOCOLO(STO.DGO MGA)', 'ADMINISTRATIVO', 'CAMBIO_TIPO_DE_MARCAJE', 'SYNC_RRHH_CSV', 'NI SUBGCIA DE RELACIONES LABORALES Y SEGURIDAD INDUSTRIAL', 'NI GERENCIA DE RECURSOS HUMANOS', 'NI DIRECCION PAIS', NULL, NULL, NULL, '300048', NULL, NULL, 'NI SUBGCIA DE RELACIONES LABORALES Y SEGURIDAD INDUSTRIAL', 'NI GERENCIA DE RECURSOS HUMANOS');
INSERT INTO p_Usuarios (idUsuario, nombre, carnet, correo, telefono, activo, rolGlobal, idRol, pais, fechaCreacion, nombreCompleto, cargo, departamento, orgDepartamento, orgGerencia, idOrg, jefeCarnet, jefeNombre, jefeCorreo, fechaIngreso, genero, username, cedula, area, gerencia, direccion, empresa, ubicacion, tipo_empleado, tipo_contrato, fuente_datos, primer_nivel, segundo_nivel, tercer_nivel, cuarto_nivel, quinto_nivel, sexto_nivel, carnet_jefe2, carnet_jefe3, carnet_jefe4, subgerencia, ogerencia) VALUES (33, 'KEVIN EDUARDO BARAHONA LOPEZ', '500358', 'kevine.barahona@claro.com.ni', NULL, 1, 'Empleado', NULL, 'NI', '2026-01-19 09:20:16', 'KEVIN EDUARDO BARAHONA LOPEZ', 'ESPECIALISTA DE RECLUTAMIENTO Y SELECCION A', 'MANAGUA', 'NI COORD. DE RECLUTAMIENTO Y SELECCION', 'NI GERENCIA DE RECURSOS HUMANOS', '3.00E+14', '400103', 'YESENIA DE JESUS MANZANAREZ ALVARADO', 'yesenia.manzanarez@claro.com.ni', '2018-09-10 06:00:00', 'M', 'kevine.barahona@claro.com.ni', '0010602980003P', 'NI SUBGERENCIA DE COMPENSACIONES', 'NI GERENCIA DE RECURSOS HUMANOS', 'Santo Domingo, Casa Protocolo.', 'SERVICIOS DIVERSOS DE RECURSOS HUMANOS S.A.', 'ENITEL CASA PROTOCOLO(STO.DGO MGA)', 'ADMINISTRATIVO', 'CAMBIO_TIPO_DE_MARCAJE', 'SYNC_RRHH_CSV', 'NI COORD. DE RECLUTAMIENTO Y SELECCION', 'NI SUBGERENCIA DE COMPENSACIONES', 'NI GERENCIA DE RECURSOS HUMANOS', 'NI DIRECCION PAIS', NULL, NULL, '1008937', '300048', NULL, 'NI SUBGERENCIA DE COMPENSACIONES', 'NI GERENCIA DE RECURSOS HUMANOS');
INSERT INTO p_Usuarios (idUsuario, nombre, carnet, correo, telefono, activo, rolGlobal, idRol, pais, fechaCreacion, nombreCompleto, cargo, departamento, orgDepartamento, orgGerencia, idOrg, jefeCarnet, jefeNombre, jefeCorreo, fechaIngreso, genero, username, cedula, area, gerencia, direccion, empresa, ubicacion, tipo_empleado, tipo_contrato, fuente_datos, primer_nivel, segundo_nivel, tercer_nivel, cuarto_nivel, quinto_nivel, sexto_nivel, carnet_jefe2, carnet_jefe3, carnet_jefe4, subgerencia, ogerencia) VALUES (34, 'YESENIA DE JESUS MANZANAREZ ALVARADO', '400103', 'yesenia.manzanarez@claro.com.ni', NULL, 1, 'Empleado', NULL, 'NI', '2026-01-19 09:20:17', 'YESENIA DE JESUS MANZANAREZ ALVARADO', 'COORDINADOR RECLUTAMIENTO Y SELECCION', 'MANAGUA', 'NI COORD. DE RECLUTAMIENTO Y SELECCION', 'NI GERENCIA DE RECURSOS HUMANOS', '3.00E+14', '1008937', 'AURORA DEL SOCORRO ESPINOZA DIAZ', 'aurora.espinoza@claro.com.ni', '2011-01-04 06:00:00', 'F', 'yesenia.manzanarez@claro.com.ni', '3610906800003F', 'NI SUBGERENCIA DE COMPENSACIONES', 'NI GERENCIA DE RECURSOS HUMANOS', 'Santo Domingo, Casa Protocolo.', 'SERVICIOS DIVERSOS DE RECURSOS HUMANOS S.A.', 'ENITEL CASA PROTOCOLO(STO.DGO MGA)', 'ADMINISTRATIVO', 'CAMBIO_TIPO_DE_MARCAJE', 'SYNC_RRHH_CSV', 'NI COORD. DE RECLUTAMIENTO Y SELECCION', 'NI SUBGERENCIA DE COMPENSACIONES', 'NI GERENCIA DE RECURSOS HUMANOS', 'NI DIRECCION PAIS', NULL, NULL, '300048', NULL, NULL, 'NI SUBGERENCIA DE COMPENSACIONES', 'NI GERENCIA DE RECURSOS HUMANOS');
INSERT INTO p_Usuarios (idUsuario, nombre, carnet, correo, telefono, activo, rolGlobal, idRol, pais, fechaCreacion, nombreCompleto, cargo, departamento, orgDepartamento, orgGerencia, idOrg, jefeCarnet, jefeNombre, jefeCorreo, fechaIngreso, genero, username, cedula, area, gerencia, direccion, empresa, ubicacion, tipo_empleado, tipo_contrato, fuente_datos, primer_nivel, segundo_nivel, tercer_nivel, cuarto_nivel, quinto_nivel, sexto_nivel, carnet_jefe2, carnet_jefe3, carnet_jefe4, subgerencia, ogerencia) VALUES (22, 'PEDRO JAVIER CASTILLO MENDEZ', '249859', 'pedro.castillo@claro.com.ni', NULL, 1, 'Empleado', NULL, 'NI', '2026-01-19 09:20:03', 'PEDRO JAVIER CASTILLO MENDEZ', 'ESPECIALISTA RECURSOS HUMANOS B', 'MANAGUA', 'NI COORD. DE TRANSPORTE', 'NI GERENCIA DE RECURSOS HUMANOS', '3.00E+14', '402178', 'ALI ADOLFO RODRIGUEZ URIARTE', 'ali.rodriguez@claro.com.ni', '2001-05-02 06:00:00', 'M', 'pedro.castillo@claro.com.ni', '0062906770000N', 'NI SUBGERENCIA DE RECURSOS HUMANOS', 'NI GERENCIA DE RECURSOS HUMANOS', 'FRENTE A LA NUEVA EMBAJADA AMERICANA', 'EMPRESA NICARAGUENSE DE TELECOMUNICACIONES S. A.', 'ENITEL LAS PIEDRECITAS', 'ADMINISTRATIVO', 'CAMBIO_TIPO_DE_MARCAJE', 'SYNC_RRHH_CSV', 'NI COORD. DE TRANSPORTE', 'NI SUBGERENCIA DE RECURSOS HUMANOS', 'NI GERENCIA DE RECURSOS HUMANOS', 'NI DIRECCION PAIS', NULL, NULL, '300042', '300048', NULL, 'NI SUBGERENCIA DE RECURSOS HUMANOS', 'NI GERENCIA DE RECURSOS HUMANOS');
INSERT INTO p_Usuarios (idUsuario, nombre, carnet, correo, telefono, activo, rolGlobal, idRol, pais, fechaCreacion, nombreCompleto, cargo, departamento, orgDepartamento, orgGerencia, idOrg, jefeCarnet, jefeNombre, jefeCorreo, fechaIngreso, genero, username, cedula, area, gerencia, direccion, empresa, ubicacion, tipo_empleado, tipo_contrato, fuente_datos, primer_nivel, segundo_nivel, tercer_nivel, cuarto_nivel, quinto_nivel, sexto_nivel, carnet_jefe2, carnet_jefe3, carnet_jefe4, subgerencia, ogerencia) VALUES (38, 'MARIA ARACELLY GONZALEZ REYES', '245540', 'maria.gonzalez2@claro.com.ni', NULL, 1, 'Empleado', NULL, 'NI', '2026-01-19 09:20:21', 'MARIA ARACELLY GONZALEZ REYES', 'ESPECIALISTA RECURSOS HUMANOS A', 'MANAGUA', 'NI COORD. DE HIGIENE Y SEGURIDAD', 'NI GERENCIA DE RECURSOS HUMANOS', '3.00E+14', '1006062', 'ANDRES ERNESTO DUQUE SALAZAR', 'andres.duque@claro.com.ni', '2000-07-01 06:00:00', 'F', 'maria.gonzalez2@claro.com.ni', '0410712800001X', 'NI SUBGCIA DE RELACIONES LABORALES Y SEGURIDAD INDUSTRIAL', 'NI GERENCIA DE RECURSOS HUMANOS', 'Santo Domingo, Casa Protocolo.', 'EMPRESA NICARAGUENSE DE TELECOMUNICACIONES S. A.', 'ENITEL CASA PROTOCOLO(STO.DGO MGA)', 'ADMINISTRATIVO', 'CAMBIO_TIPO_DE_MARCAJE', 'SYNC_RRHH_CSV', 'NI COORD. DE HIGIENE Y SEGURIDAD', 'NI SUBGCIA DE RELACIONES LABORALES Y SEGURIDAD INDUSTRIAL', 'NI GERENCIA DE RECURSOS HUMANOS', 'NI DIRECCION PAIS', NULL, NULL, '300034', '300048', NULL, 'NI SUBGCIA DE RELACIONES LABORALES Y SEGURIDAD INDUSTRIAL', 'NI GERENCIA DE RECURSOS HUMANOS');
INSERT INTO p_Usuarios (idUsuario, nombre, carnet, correo, telefono, activo, rolGlobal, idRol, pais, fechaCreacion, nombreCompleto, cargo, departamento, orgDepartamento, orgGerencia, idOrg, jefeCarnet, jefeNombre, jefeCorreo, fechaIngreso, genero, username, cedula, area, gerencia, direccion, empresa, ubicacion, tipo_empleado, tipo_contrato, fuente_datos, primer_nivel, segundo_nivel, tercer_nivel, cuarto_nivel, quinto_nivel, sexto_nivel, carnet_jefe2, carnet_jefe3, carnet_jefe4, subgerencia, ogerencia) VALUES (5, 'NESTOR JOSE URBINA FLORES', '401601', 'nestor.urbina@claro.com.ni', NULL, 1, 'Empleado', NULL, 'NI', '2026-01-19 09:19:45', 'NESTOR JOSE URBINA FLORES', 'AUXILIAR DE RECURSOS HUMANOS', 'MANAGUA', 'NI SUBGCIA DE RELACIONES LABORALES Y SEGURIDAD INDUSTRIAL', 'NI GERENCIA DE RECURSOS HUMANOS', '3.00E+14', '300034', 'NELSON ENRIQUE PEREZ FONSECA', 'nelson.perez@claro.com.ni', '2017-05-15 06:00:00', 'M', 'nestor.urbina@claro.com.ni', '0010311880063L', 'NI SUBGCIA DE RELACIONES LABORALES Y SEGURIDAD INDUSTRIAL', 'NI GERENCIA DE RECURSOS HUMANOS', 'Santo Domingo, Casa Protocolo.', 'SERVICIOS DIVERSOS DE RECURSOS HUMANOS S.A.', 'ENITEL CASA PROTOCOLO(STO.DGO MGA)', 'OPERATIVO', 'ORA_POS_SYNC', 'SYNC_RRHH_CSV', 'NI SUBGCIA DE RELACIONES LABORALES Y SEGURIDAD INDUSTRIAL', 'NI GERENCIA DE RECURSOS HUMANOS', 'NI DIRECCION PAIS', NULL, NULL, NULL, '300048', NULL, NULL, 'NI SUBGCIA DE RELACIONES LABORALES Y SEGURIDAD INDUSTRIAL', 'NI GERENCIA DE RECURSOS HUMANOS');
INSERT INTO p_Usuarios (idUsuario, nombre, carnet, correo, telefono, activo, rolGlobal, idRol, pais, fechaCreacion, nombreCompleto, cargo, departamento, orgDepartamento, orgGerencia, idOrg, jefeCarnet, jefeNombre, jefeCorreo, fechaIngreso, genero, username, cedula, area, gerencia, direccion, empresa, ubicacion, tipo_empleado, tipo_contrato, fuente_datos, primer_nivel, segundo_nivel, tercer_nivel, cuarto_nivel, quinto_nivel, sexto_nivel, carnet_jefe2, carnet_jefe3, carnet_jefe4, subgerencia, ogerencia) VALUES (17, 'KEVIN JOSSETH TORREZ RIVERA', '1011898', 'kevinj.torrez@claro.com.ni', NULL, 1, 'Empleado', NULL, 'NI', '2026-01-19 09:19:58', 'KEVIN JOSSETH TORREZ RIVERA', 'ESPECIALISTA RECURSOS HUMANOS A', 'MANAGUA', 'NI SUBGERENCIA DE COMPENSACIONES', 'NI GERENCIA DE RECURSOS HUMANOS', '3.00E+14', '1008937', 'AURORA DEL SOCORRO ESPINOZA DIAZ', 'aurora.espinoza@claro.com.ni', '2025-05-26 06:00:00', 'M', 'kevinj.torrez', '0010605940008L', 'NI SUBGERENCIA DE COMPENSACIONES', 'NI GERENCIA DE RECURSOS HUMANOS', 'Santo Domingo, Casa Protocolo.', 'SERVICIOS DIVERSOS DE RECURSOS HUMANOS S.A.', 'ENITEL CASA PROTOCOLO(STO.DGO MGA)', 'ADMINISTRATIVO', 'CAMBIO_TIPO_DE_MARCAJE', 'SYNC_RRHH_CSV', 'NI SUBGERENCIA DE COMPENSACIONES', 'NI GERENCIA DE RECURSOS HUMANOS', 'NI DIRECCION PAIS', NULL, NULL, NULL, '300048', NULL, NULL, 'NI SUBGERENCIA DE COMPENSACIONES', 'NI GERENCIA DE RECURSOS HUMANOS');
INSERT INTO p_Usuarios (idUsuario, nombre, carnet, correo, telefono, activo, rolGlobal, idRol, pais, fechaCreacion, nombreCompleto, cargo, departamento, orgDepartamento, orgGerencia, idOrg, jefeCarnet, jefeNombre, jefeCorreo, fechaIngreso, genero, username, cedula, area, gerencia, direccion, empresa, ubicacion, tipo_empleado, tipo_contrato, fuente_datos, primer_nivel, segundo_nivel, tercer_nivel, cuarto_nivel, quinto_nivel, sexto_nivel, carnet_jefe2, carnet_jefe3, carnet_jefe4, subgerencia, ogerencia) VALUES (31, 'ARLEN CRISTINA RIVERA ESCOTO', '401633', 'arlen.rivera@claro.com.ni', NULL, 1, 'Empleado', NULL, 'NI', '2026-01-19 09:20:14', 'ARLEN CRISTINA RIVERA ESCOTO', 'ESPECIALISTA DE RECLUTAMIENTO Y SELECCION B', 'MANAGUA', 'NI COORD. DE RECLUTAMIENTO Y SELECCION', 'NI GERENCIA DE RECURSOS HUMANOS', '3.00E+14', '400103', 'YESENIA DE JESUS MANZANAREZ ALVARADO', 'yesenia.manzanarez@claro.com.ni', '2017-06-19 06:00:00', 'F', 'arlen.rivera@claro.com.ni', '0012605810032B', 'NI SUBGERENCIA DE COMPENSACIONES', 'NI GERENCIA DE RECURSOS HUMANOS', 'Santo Domingo, Casa Protocolo.', 'SERVICIOS DIVERSOS DE RECURSOS HUMANOS S.A.', 'ENITEL CASA PROTOCOLO(STO.DGO MGA)', 'ADMINISTRATIVO', 'CAMBIO_TIPO_DE_MARCAJE', 'SYNC_RRHH_CSV', 'NI COORD. DE RECLUTAMIENTO Y SELECCION', 'NI SUBGERENCIA DE COMPENSACIONES', 'NI GERENCIA DE RECURSOS HUMANOS', 'NI DIRECCION PAIS', NULL, NULL, '1008937', '300048', NULL, 'NI SUBGERENCIA DE COMPENSACIONES', 'NI GERENCIA DE RECURSOS HUMANOS');
INSERT INTO p_Usuarios (idUsuario, nombre, carnet, correo, telefono, activo, rolGlobal, idRol, pais, fechaCreacion, nombreCompleto, cargo, departamento, orgDepartamento, orgGerencia, idOrg, jefeCarnet, jefeNombre, jefeCorreo, fechaIngreso, genero, username, cedula, area, gerencia, direccion, empresa, ubicacion, tipo_empleado, tipo_contrato, fuente_datos, primer_nivel, segundo_nivel, tercer_nivel, cuarto_nivel, quinto_nivel, sexto_nivel, carnet_jefe2, carnet_jefe3, carnet_jefe4, subgerencia, ogerencia) VALUES (32, 'FRANCIS MARIA VILLARREAL TORRES', '402336', 'francis.villarreal@claro.com.ni', NULL, 1, 'Empleado', NULL, 'NI', '2026-01-19 09:20:14', 'FRANCIS MARIA VILLARREAL TORRES', 'ESPECIALISTA DE RECLUTAMIENTO Y SELECCION B', 'MANAGUA', 'NI COORD. DE RECLUTAMIENTO Y SELECCION', 'NI GERENCIA DE RECURSOS HUMANOS', '3.00E+14', '400103', 'YESENIA DE JESUS MANZANAREZ ALVARADO', 'yesenia.manzanarez@claro.com.ni', '2022-09-05 06:00:00', 'F', 'francis.villarreal@claro.com.ni', '0012009940039B', 'NI SUBGERENCIA DE COMPENSACIONES', 'NI GERENCIA DE RECURSOS HUMANOS', 'Santo Domingo, Casa Protocolo.', 'SERVICIOS DIVERSOS DE RECURSOS HUMANOS S.A.', 'ENITEL CASA PROTOCOLO(STO.DGO MGA)', 'ADMINISTRATIVO', 'CAMBIO_TIPO_DE_MARCAJE', 'SYNC_RRHH_CSV', 'NI COORD. DE RECLUTAMIENTO Y SELECCION', 'NI SUBGERENCIA DE COMPENSACIONES', 'NI GERENCIA DE RECURSOS HUMANOS', 'NI DIRECCION PAIS', NULL, NULL, '1008937', '300048', NULL, 'NI SUBGERENCIA DE COMPENSACIONES', 'NI GERENCIA DE RECURSOS HUMANOS');
SET IDENTITY_INSERT p_Usuarios OFF;
GO

PRINT 'Insertando Credenciales...';
SET IDENTITY_INSERT p_UsuariosCredenciales ON;
INSERT INTO p_UsuariosCredenciales (id, idUsuario, passwordHash, ultimoCambio) VALUES (3, 3, '$2b$10$4Hpy.W08gE5jyiK6X5y6EOaGkhVfcFt86fRvxdiji.naAEglXCqVe', GETDATE());
INSERT INTO p_UsuariosCredenciales (id, idUsuario, passwordHash, ultimoCambio) VALUES (4, 4, '$2b$10$4Hpy.W08gE5jyiK6X5y6EOaGkhVfcFt86fRvxdiji.naAEglXCqVe', GETDATE());
INSERT INTO p_UsuariosCredenciales (id, idUsuario, passwordHash, ultimoCambio) VALUES (5, 5, '$2b$10$4Hpy.W08gE5jyiK6X5y6EOaGkhVfcFt86fRvxdiji.naAEglXCqVe', GETDATE());
INSERT INTO p_UsuariosCredenciales (id, idUsuario, passwordHash, ultimoCambio) VALUES (8, 8, '$2b$10$4Hpy.W08gE5jyiK6X5y6EOaGkhVfcFt86fRvxdiji.naAEglXCqVe', GETDATE());
INSERT INTO p_UsuariosCredenciales (id, idUsuario, passwordHash, ultimoCambio) VALUES (9, 9, '$2b$10$4Hpy.W08gE5jyiK6X5y6EOaGkhVfcFt86fRvxdiji.naAEglXCqVe', GETDATE());
INSERT INTO p_UsuariosCredenciales (id, idUsuario, passwordHash, ultimoCambio) VALUES (10, 10, '$2b$10$4Hpy.W08gE5jyiK6X5y6EOaGkhVfcFt86fRvxdiji.naAEglXCqVe', GETDATE());
INSERT INTO p_UsuariosCredenciales (id, idUsuario, passwordHash, ultimoCambio) VALUES (11, 11, '$2b$10$4Hpy.W08gE5jyiK6X5y6EOaGkhVfcFt86fRvxdiji.naAEglXCqVe', GETDATE());
INSERT INTO p_UsuariosCredenciales (id, idUsuario, passwordHash, ultimoCambio) VALUES (12, 12, '$2b$10$4Hpy.W08gE5jyiK6X5y6EOaGkhVfcFt86fRvxdiji.naAEglXCqVe', GETDATE());
INSERT INTO p_UsuariosCredenciales (id, idUsuario, passwordHash, ultimoCambio) VALUES (13, 13, '$2b$10$4Hpy.W08gE5jyiK6X5y6EOaGkhVfcFt86fRvxdiji.naAEglXCqVe', GETDATE());
INSERT INTO p_UsuariosCredenciales (id, idUsuario, passwordHash, ultimoCambio) VALUES (14, 14, '$2b$10$4Hpy.W08gE5jyiK6X5y6EOaGkhVfcFt86fRvxdiji.naAEglXCqVe', GETDATE());
INSERT INTO p_UsuariosCredenciales (id, idUsuario, passwordHash, ultimoCambio) VALUES (15, 15, '$2b$10$4Hpy.W08gE5jyiK6X5y6EOaGkhVfcFt86fRvxdiji.naAEglXCqVe', GETDATE());
INSERT INTO p_UsuariosCredenciales (id, idUsuario, passwordHash, ultimoCambio) VALUES (17, 17, '$2b$10$4Hpy.W08gE5jyiK6X5y6EOaGkhVfcFt86fRvxdiji.naAEglXCqVe', GETDATE());
INSERT INTO p_UsuariosCredenciales (id, idUsuario, passwordHash, ultimoCambio) VALUES (18, 18, '$2b$10$4Hpy.W08gE5jyiK6X5y6EOaGkhVfcFt86fRvxdiji.naAEglXCqVe', GETDATE());
INSERT INTO p_UsuariosCredenciales (id, idUsuario, passwordHash, ultimoCambio) VALUES (19, 19, '$2b$10$4Hpy.W08gE5jyiK6X5y6EOaGkhVfcFt86fRvxdiji.naAEglXCqVe', GETDATE());
INSERT INTO p_UsuariosCredenciales (id, idUsuario, passwordHash, ultimoCambio) VALUES (22, 22, '$2b$10$4Hpy.W08gE5jyiK6X5y6EOaGkhVfcFt86fRvxdiji.naAEglXCqVe', GETDATE());
INSERT INTO p_UsuariosCredenciales (id, idUsuario, passwordHash, ultimoCambio) VALUES (24, 24, '$2b$10$4Hpy.W08gE5jyiK6X5y6EOaGkhVfcFt86fRvxdiji.naAEglXCqVe', GETDATE());
INSERT INTO p_UsuariosCredenciales (id, idUsuario, passwordHash, ultimoCambio) VALUES (25, 25, '$2b$10$4Hpy.W08gE5jyiK6X5y6EOaGkhVfcFt86fRvxdiji.naAEglXCqVe', GETDATE());
INSERT INTO p_UsuariosCredenciales (id, idUsuario, passwordHash, ultimoCambio) VALUES (27, 27, '$2b$10$4Hpy.W08gE5jyiK6X5y6EOaGkhVfcFt86fRvxdiji.naAEglXCqVe', GETDATE());
INSERT INTO p_UsuariosCredenciales (id, idUsuario, passwordHash, ultimoCambio) VALUES (28, 28, '$2b$10$4Hpy.W08gE5jyiK6X5y6EOaGkhVfcFt86fRvxdiji.naAEglXCqVe', GETDATE());
INSERT INTO p_UsuariosCredenciales (id, idUsuario, passwordHash, ultimoCambio) VALUES (30, 30, '$2b$10$4Hpy.W08gE5jyiK6X5y6EOaGkhVfcFt86fRvxdiji.naAEglXCqVe', GETDATE());
INSERT INTO p_UsuariosCredenciales (id, idUsuario, passwordHash, ultimoCambio) VALUES (31, 31, '$2b$10$4Hpy.W08gE5jyiK6X5y6EOaGkhVfcFt86fRvxdiji.naAEglXCqVe', GETDATE());
INSERT INTO p_UsuariosCredenciales (id, idUsuario, passwordHash, ultimoCambio) VALUES (32, 32, '$2b$10$4Hpy.W08gE5jyiK6X5y6EOaGkhVfcFt86fRvxdiji.naAEglXCqVe', GETDATE());
INSERT INTO p_UsuariosCredenciales (id, idUsuario, passwordHash, ultimoCambio) VALUES (33, 33, '$2b$10$4Hpy.W08gE5jyiK6X5y6EOaGkhVfcFt86fRvxdiji.naAEglXCqVe', GETDATE());
INSERT INTO p_UsuariosCredenciales (id, idUsuario, passwordHash, ultimoCambio) VALUES (35, 35, '$2b$10$4Hpy.W08gE5jyiK6X5y6EOaGkhVfcFt86fRvxdiji.naAEglXCqVe', GETDATE());
INSERT INTO p_UsuariosCredenciales (id, idUsuario, passwordHash, ultimoCambio) VALUES (36, 36, '$2b$10$4Hpy.W08gE5jyiK6X5y6EOaGkhVfcFt86fRvxdiji.naAEglXCqVe', GETDATE());
INSERT INTO p_UsuariosCredenciales (id, idUsuario, passwordHash, ultimoCambio) VALUES (37, 37, '$2b$10$4Hpy.W08gE5jyiK6X5y6EOaGkhVfcFt86fRvxdiji.naAEglXCqVe', GETDATE());
INSERT INTO p_UsuariosCredenciales (id, idUsuario, passwordHash, ultimoCambio) VALUES (38, 38, '$2b$10$4Hpy.W08gE5jyiK6X5y6EOaGkhVfcFt86fRvxdiji.naAEglXCqVe', GETDATE());
INSERT INTO p_UsuariosCredenciales (id, idUsuario, passwordHash, ultimoCambio) VALUES (39, 39, '$2b$10$4Hpy.W08gE5jyiK6X5y6EOaGkhVfcFt86fRvxdiji.naAEglXCqVe', GETDATE());
INSERT INTO p_UsuariosCredenciales (id, idUsuario, passwordHash, ultimoCambio) VALUES (40, 40, '$2b$10$4Hpy.W08gE5jyiK6X5y6EOaGkhVfcFt86fRvxdiji.naAEglXCqVe', GETDATE());
INSERT INTO p_UsuariosCredenciales (id, idUsuario, passwordHash, ultimoCambio) VALUES (34, 34, '$2b$10$4Hpy.W08gE5jyiK6X5y6EOaGkhVfcFt86fRvxdiji.naAEglXCqVe', '2026-01-20 22:58:26');
INSERT INTO p_UsuariosCredenciales (id, idUsuario, passwordHash, ultimoCambio) VALUES (7, 7, '$2b$10$4Hpy.W08gE5jyiK6X5y6EOaGkhVfcFt86fRvxdiji.naAEglXCqVe', '2026-01-20 23:02:41');
INSERT INTO p_UsuariosCredenciales (id, idUsuario, passwordHash, ultimoCambio) VALUES (26, 26, '$2b$10$4Hpy.W08gE5jyiK6X5y6EOaGkhVfcFt86fRvxdiji.naAEglXCqVe', '2026-01-20 15:45:55');
INSERT INTO p_UsuariosCredenciales (id, idUsuario, passwordHash, ultimoCambio) VALUES (6, 6, '$2b$10$4Hpy.W08gE5jyiK6X5y6EOaGkhVfcFt86fRvxdiji.naAEglXCqVe', '2026-01-20 23:12:33');
INSERT INTO p_UsuariosCredenciales (id, idUsuario, passwordHash, ultimoCambio) VALUES (21, 21, '$2b$10$4Hpy.W08gE5jyiK6X5y6EOaGkhVfcFt86fRvxdiji.naAEglXCqVe', '2026-01-19 14:16:46');
INSERT INTO p_UsuariosCredenciales (id, idUsuario, passwordHash, ultimoCambio) VALUES (2, 2, '$2b$10$V8qqJejmQJiCwLu94ps8iOoEadfb2AqNRFkcccxgbNyShMq070Fla', '2026-01-19 15:44:55');
INSERT INTO p_UsuariosCredenciales (id, idUsuario, passwordHash, ultimoCambio) VALUES (16, 16, '$2b$10$4Hpy.W08gE5jyiK6X5y6EOaGkhVfcFt86fRvxdiji.naAEglXCqVe', '2026-01-20 15:44:01');
INSERT INTO p_UsuariosCredenciales (id, idUsuario, passwordHash, ultimoCambio) VALUES (23, 23, '$2b$10$9eGJrZWG96qwodgVwy5rcuobx9vZjhaxFDcjUR5mMz31kYZj1ZVxO', '2026-01-20 23:43:22');
INSERT INTO p_UsuariosCredenciales (id, idUsuario, passwordHash, ultimoCambio) VALUES (20, 20, '$2b$10$4Hpy.W08gE5jyiK6X5y6EOaGkhVfcFt86fRvxdiji.naAEglXCqVe', '2026-01-20 15:42:15');
INSERT INTO p_UsuariosCredenciales (id, idUsuario, passwordHash, ultimoCambio) VALUES (1, 1, '$2b$10$4Hpy.W08gE5jyiK6X5y6EOaGkhVfcFt86fRvxdiji.naAEglXCqVe', '2026-01-21 00:00:34');
INSERT INTO p_UsuariosCredenciales (id, idUsuario, passwordHash, ultimoCambio) VALUES (29, 29, '$2b$10$4Hpy.W08gE5jyiK6X5y6EOaGkhVfcFt86fRvxdiji.naAEglXCqVe', '2026-01-20 15:42:38');
SET IDENTITY_INSERT p_UsuariosCredenciales OFF;
GO

PRINT 'Insertando Proyectos...';
SET IDENTITY_INSERT p_Proyectos ON;
INSERT INTO p_Proyectos (idProyecto, nombre, descripcion, estado, idNodoDuenio, fechaCreacion, pais, tipo, requiereAprobacion, enllavado, fechaInicio, fechaFin, area, subgerencia, gerencia) VALUES (55, 'Proyecto de Reutilización y Reciclaje de Activos (Mobiliario) ', '', 'Activo', 5, '2026-01-20 20:54:18', 'NI', 'Operativo', 0, 0, '2026-01-01 00:00:00', '2026-12-31 00:00:00', 'NI SUBGCIA DE RELACIONES LABORALES Y SEGURIDAD INDUSTRIAL', 'NI SUBGCIA DE RELACIONES LABORALES Y SEGURIDAD INDUSTRIAL', 'NI GERENCIA DE RECURSOS HUMANOS');
INSERT INTO p_Proyectos (idProyecto, nombre, descripcion, estado, idNodoDuenio, fechaCreacion, pais, tipo, requiereAprobacion, enllavado, fechaInicio, fechaFin, area, subgerencia, gerencia) VALUES (52, 'Reclutamiento-Objetivo 2026', 'Objetivo del 2026', 'Activo', 5, '2026-01-20 20:35:44', 'NI', 'Operativo', 0, 0, '2026-01-01 00:00:00', '2026-12-31 00:00:00', 'NI COORD. DE RECLUTAMIENTO Y SELECCION', 'NI SUBGERENCIA DE COMPENSACIONES', 'NI GERENCIA DE RECURSOS HUMANOS');
INSERT INTO p_Proyectos (idProyecto, nombre, descripcion, estado, idNodoDuenio, fechaCreacion, pais, tipo, requiereAprobacion, enllavado, fechaInicio, fechaFin, area, subgerencia, gerencia) VALUES (53, ' Control Organizacional, Compensaciones y Descripciones de puestos:', 'Fortalecer los procesos de compensación y organización, asegurando que operen bajo metodologías robustas y con un nivel de madurez alineado al corporativo.', 'Activo', 5, '2026-01-20 20:48:08', 'NI', 'Operativo', 0, 0, '2026-01-01 00:00:00', '2026-12-31 00:00:00', 'NI SUBGERENCIA DE COMPENSACIONES', 'NI SUBGERENCIA DE COMPENSACIONES', 'NI GERENCIA DE RECURSOS HUMANOS');
INSERT INTO p_Proyectos (idProyecto, nombre, descripcion, estado, idNodoDuenio, fechaCreacion, pais, tipo, requiereAprobacion, enllavado, fechaInicio, fechaFin, area, subgerencia, gerencia) VALUES (54, 'Descripciones/Perfiles de Puestos basados en Competencias Laborales', 'Descripciones/Perfiles de Puestos basados en Competencias Laborales Aplicar encuesta autorizada en coordinación con Gcia. Control de Personal AM y Plataformas Digitales para obtener un diagnóstico sobre la gestión de perfiles y descripciones de puesto en empresas AMX.', 'Activo', 5, '2026-01-20 20:52:19', 'NI', 'Operativo', 0, 0, '2026-01-01 00:00:00', '2026-12-31 00:00:00', 'NI SUBGERENCIA DE COMPENSACIONES', 'NI SUBGERENCIA DE COMPENSACIONES', 'NI GERENCIA DE RECURSOS HUMANOS');
SET IDENTITY_INSERT p_Proyectos OFF;
GO

PRINT 'Insertando Tareas...';
SET IDENTITY_INSERT p_Tareas ON;
INSERT INTO p_Tareas (idTarea, titulo, estado, prioridad, fechaInicioPlanificada, fechaObjetivo, idProyecto, idCreador, orden, fechaCreacion, idPlan, esfuerzo, tipo, fechaEnCurso, fechaHecha, idAsignadoPor, fechaUltActualizacion, progreso, descripcion) VALUES ('1191', '1.2Coordinar con jefaturas los tiempos de reclutamiento y selección y fechas de ingreso proyectadas', 'Pendiente', 'Media', '2025-12-31 06:00:00', '2026-12-30 06:00:00', 52, 23, 0, '2026-01-20 20:38:39', NULL, 'L', 'Administrativa', NULL, NULL, NULL, '2026-01-20 20:38:39', 0, '');
INSERT INTO p_Tareas (idTarea, titulo, estado, prioridad, fechaInicioPlanificada, fechaObjetivo, idProyecto, idCreador, orden, fechaCreacion, idPlan, esfuerzo, tipo, fechaEnCurso, fechaHecha, idAsignadoPor, fechaUltActualizacion, progreso, descripcion) VALUES ('1192', '2.1Reducir el tiempo de contratacion de 40 a 35 días', 'Pendiente', 'Media', '2025-12-31 06:00:00', '2026-12-30 06:00:00', 52, 23, 0, '2026-01-20 20:40:44', NULL, 'M', 'Administrativa', NULL, NULL, NULL, '2026-01-20 20:40:44', 0, 'Activar el proceso de reclutamiento al confirmarse la renuncia o baja del colaborador, asegurando la disponibilidad de descriptores de puesto validados para dar inicio oportuno a la búsqueda.


');
INSERT INTO p_Tareas (idTarea, titulo, estado, prioridad, fechaInicioPlanificada, fechaObjetivo, idProyecto, idCreador, orden, fechaCreacion, idPlan, esfuerzo, tipo, fechaEnCurso, fechaHecha, idAsignadoPor, fechaUltActualizacion, progreso, descripcion) VALUES ('1193', '2.2-Reducir el tiempo de contratacion de 40 a 35 días', 'Pendiente', 'Media', '2025-12-31 06:00:00', '2026-12-30 06:00:00', 52, 23, 0, '2026-01-20 20:41:19', NULL, 'M', 'Administrativa', NULL, NULL, NULL, '2026-01-20 20:41:19', 0, 'Asegurar la coordinación efectiva con los dueños de vacante para garantizar la atención del proceso en los tiempos establecidos y lograr una cobertura ágil de las posiciones
');
INSERT INTO p_Tareas (idTarea, titulo, estado, prioridad, fechaInicioPlanificada, fechaObjetivo, idProyecto, idCreador, orden, fechaCreacion, idPlan, esfuerzo, tipo, fechaEnCurso, fechaHecha, idAsignadoPor, fechaUltActualizacion, progreso, descripcion) VALUES ('1195', '3.2-Diseñar un programa de incorporación integral', 'Pendiente', 'Media', '2025-12-31 06:00:00', '2026-06-29 06:00:00', 52, 23, 0, '2026-01-20 20:44:02', NULL, 'M', 'Administrativa', NULL, NULL, NULL, '2026-01-20 20:44:02', 0, 'Creación de formatos, guías y responsables
');
INSERT INTO p_Tareas (idTarea, titulo, estado, prioridad, fechaInicioPlanificada, fechaObjetivo, idProyecto, idCreador, orden, fechaCreacion, idPlan, esfuerzo, tipo, fechaEnCurso, fechaHecha, idAsignadoPor, fechaUltActualizacion, progreso, descripcion) VALUES ('1196', '3.3-Diseñar un programa de incorporación integral', 'Pendiente', 'Media', '2026-06-30 06:00:00', '2026-12-29 06:00:00', 52, 23, 0, '2026-01-20 20:44:40', NULL, 'M', 'Administrativa', NULL, NULL, NULL, '2026-01-20 20:44:40', 0, 'Capacitación a responsable de area de su responsabilidad en  el onboarding');
INSERT INTO p_Tareas (idTarea, titulo, estado, prioridad, fechaInicioPlanificada, fechaObjetivo, idProyecto, idCreador, orden, fechaCreacion, idPlan, esfuerzo, tipo, fechaEnCurso, fechaHecha, idAsignadoPor, fechaUltActualizacion, progreso, descripcion) VALUES ('1197', '4.1-Implementar un proceso de selección que permita evaluar competencias clave', 'Pendiente', 'Media', '2026-02-28 06:00:00', '2026-12-29 06:00:00', 52, 23, 0, '2026-01-20 20:45:26', NULL, 'M', 'Administrativa', NULL, NULL, NULL, '2026-01-20 20:45:26', 0, '"Planificación de análisis de competencias por niveles.
"
');
INSERT INTO p_Tareas (idTarea, titulo, estado, prioridad, fechaInicioPlanificada, fechaObjetivo, idProyecto, idCreador, orden, fechaCreacion, idPlan, esfuerzo, tipo, fechaEnCurso, fechaHecha, idAsignadoPor, fechaUltActualizacion, progreso, descripcion) VALUES ('1198', '4.2-Implementar un proceso de selección que permita evaluar competencias clave', 'Pendiente', 'Media', '2026-02-28 06:00:00', '2026-12-29 06:00:00', 52, 23, 0, '2026-01-20 20:46:03', NULL, 'M', 'Administrativa', NULL, NULL, NULL, '2026-01-20 20:46:03', 0, 'Revisión de competencias claves en perfil y cultura.
');
INSERT INTO p_Tareas (idTarea, titulo, estado, prioridad, fechaInicioPlanificada, fechaObjetivo, idProyecto, idCreador, orden, fechaCreacion, idPlan, esfuerzo, tipo, fechaEnCurso, fechaHecha, idAsignadoPor, fechaUltActualizacion, progreso, descripcion) VALUES ('1199', 'Control Organizacional', 'Pendiente', 'Media', '2025-12-31 06:00:00', '2026-12-30 06:00:00', 53, 23, 0, '2026-01-20 20:48:33', NULL, 'M', 'Administrativa', NULL, NULL, NULL, '2026-01-20 20:48:33', 0, '');
INSERT INTO p_Tareas (idTarea, titulo, estado, prioridad, fechaInicioPlanificada, fechaObjetivo, idProyecto, idCreador, orden, fechaCreacion, idPlan, esfuerzo, tipo, fechaEnCurso, fechaHecha, idAsignadoPor, fechaUltActualizacion, progreso, descripcion) VALUES ('1200', 'Compensaciones', 'Pendiente', 'Media', '2025-12-31 06:00:00', '2026-12-30 06:00:00', 53, 23, 0, '2026-01-20 20:48:47', NULL, 'M', 'Administrativa', NULL, NULL, NULL, '2026-01-20 20:48:47', 0, '');
INSERT INTO p_Tareas (idTarea, titulo, estado, prioridad, fechaInicioPlanificada, fechaObjetivo, idProyecto, idCreador, orden, fechaCreacion, idPlan, esfuerzo, tipo, fechaEnCurso, fechaHecha, idAsignadoPor, fechaUltActualizacion, progreso, descripcion) VALUES ('1201', 'Recuperando datos. Espere unos segundos e intente cortar o copiar de nuevo.', 'Pendiente', 'Media', '2025-12-31 06:00:00', '2026-12-30 06:00:00', 53, 23, 0, '2026-01-20 20:49:20', NULL, 'M', 'Administrativa', NULL, NULL, NULL, '2026-01-20 20:49:20', 0, '');
INSERT INTO p_Tareas (idTarea, titulo, estado, prioridad, fechaInicioPlanificada, fechaObjetivo, idProyecto, idCreador, orden, fechaCreacion, idPlan, esfuerzo, tipo, fechaEnCurso, fechaHecha, idAsignadoPor, fechaUltActualizacion, progreso, descripcion) VALUES ('1202', 'Alienación organizacional: cifras de personal por área y por función', 'Pendiente', 'Media', '2025-12-31 06:00:00', '2026-12-30 06:00:00', 53, 23, 0, '2026-01-20 20:49:46', NULL, 'M', 'Administrativa', NULL, NULL, NULL, '2026-01-20 20:49:46', 0, '');
INSERT INTO p_Tareas (idTarea, titulo, estado, prioridad, fechaInicioPlanificada, fechaObjetivo, idProyecto, idCreador, orden, fechaCreacion, idPlan, esfuerzo, tipo, fechaEnCurso, fechaHecha, idAsignadoPor, fechaUltActualizacion, progreso, descripcion) VALUES ('1203', 'People Analytics', 'Pendiente', 'Media', '2025-12-31 06:00:00', '2026-12-30 06:00:00', 53, 23, 0, '2026-01-20 20:50:00', NULL, 'M', 'Administrativa', NULL, NULL, NULL, '2026-01-20 20:50:00', 0, '');
INSERT INTO p_Tareas (idTarea, titulo, estado, prioridad, fechaInicioPlanificada, fechaObjetivo, idProyecto, idCreador, orden, fechaCreacion, idPlan, esfuerzo, tipo, fechaEnCurso, fechaHecha, idAsignadoPor, fechaUltActualizacion, progreso, descripcion) VALUES ('1204', 'Planificacion Proyectos Locales', 'Pendiente', 'Media', '2025-12-31 06:00:00', '2026-12-30 06:00:00', 53, 23, 0, '2026-01-20 20:50:56', NULL, 'M', 'Administrativa', NULL, NULL, NULL, '2026-01-20 20:51:28', 0, 'Politicas pendientes: Indicadores de comportamiento, aspectos sociales 
de sustentabilidad');
INSERT INTO p_Tareas (idTarea, titulo, estado, prioridad, fechaInicioPlanificada, fechaObjetivo, idProyecto, idCreador, orden, fechaCreacion, idPlan, esfuerzo, tipo, fechaEnCurso, fechaHecha, idAsignadoPor, fechaUltActualizacion, progreso, descripcion) VALUES ('1205', 'Coordinar esfuerzos entre Gerencia de Control de Personal AM y Plataformas Digitales para una implementación eficiente (encuesta de sustentabilidad).', 'Pendiente', 'Media', '2025-12-31 06:00:00', '2026-12-30 06:00:00', 54, 23, 0, '2026-01-20 20:52:46', NULL, 'M', 'Administrativa', NULL, NULL, NULL, '2026-01-20 20:52:46', 0, '');
INSERT INTO p_Tareas (idTarea, titulo, estado, prioridad, fechaInicioPlanificada, fechaObjetivo, idProyecto, idCreador, orden, fechaCreacion, idPlan, esfuerzo, tipo, fechaEnCurso, fechaHecha, idAsignadoPor, fechaUltActualizacion, progreso, descripcion) VALUES ('1206', 'Análisis de resultados de la encuesta sobre gestión de prestaciones y beneficios.', 'Pendiente', 'Media', '2025-12-31 06:00:00', '2026-12-30 06:00:00', 54, 23, 0, '2026-01-20 20:53:00', NULL, 'M', 'Administrativa', NULL, NULL, NULL, '2026-01-20 20:53:00', 0, '');
INSERT INTO p_Tareas (idTarea, titulo, estado, prioridad, fechaInicioPlanificada, fechaObjetivo, idProyecto, idCreador, orden, fechaCreacion, idPlan, esfuerzo, tipo, fechaEnCurso, fechaHecha, idAsignadoPor, fechaUltActualizacion, progreso, descripcion) VALUES ('1207', '"Identificar áreas de oportunidad para optimizar procesos y fortalecer la  administración de Prestaciones y beneficios. "', 'Pendiente', 'Media', '2025-12-31 06:00:00', '2026-12-30 06:00:00', 54, 23, 0, '2026-01-20 20:53:12', NULL, 'M', 'Administrativa', NULL, NULL, NULL, '2026-01-20 20:53:12', 0, '');
INSERT INTO p_Tareas (idTarea, titulo, estado, prioridad, fechaInicioPlanificada, fechaObjetivo, idProyecto, idCreador, orden, fechaCreacion, idPlan, esfuerzo, tipo, fechaEnCurso, fechaHecha, idAsignadoPor, fechaUltActualizacion, progreso, descripcion) VALUES ('1208', '"Mejorar la experiencia, transparencia y actualización de políticas sobre  prestaciones y beneficios. "', 'Pendiente', 'Media', '2025-12-31 06:00:00', '2026-12-30 06:00:00', 54, 23, 0, '2026-01-20 20:53:32', NULL, 'M', 'Administrativa', NULL, NULL, NULL, '2026-01-20 20:53:32', 0, '');
INSERT INTO p_Tareas (idTarea, titulo, estado, prioridad, fechaInicioPlanificada, fechaObjetivo, idProyecto, idCreador, orden, fechaCreacion, idPlan, esfuerzo, tipo, fechaEnCurso, fechaHecha, idAsignadoPor, fechaUltActualizacion, progreso, descripcion) VALUES ('1209', 'Desarrollo de politica o proceso de implementacion de 5S', 'Pendiente', 'Media', '2025-12-31 06:00:00', '2026-12-30 06:00:00', 55, 23, 0, '2026-01-20 20:54:39', NULL, 'M', 'Administrativa', NULL, NULL, NULL, '2026-01-20 20:54:39', 0, '');
INSERT INTO p_Tareas (idTarea, titulo, estado, prioridad, fechaInicioPlanificada, fechaObjetivo, idProyecto, idCreador, orden, fechaCreacion, idPlan, esfuerzo, tipo, fechaEnCurso, fechaHecha, idAsignadoPor, fechaUltActualizacion, progreso, descripcion) VALUES ('1210', 'Creacion de proceso o politica o normativa para la reutilizacion de mobiliario', 'Pendiente', 'Media', '2025-12-31 06:00:00', '2026-12-30 06:00:00', 55, 23, 0, '2026-01-20 20:54:51', NULL, 'M', 'Administrativa', NULL, NULL, NULL, '2026-01-20 20:54:51', 0, '');
INSERT INTO p_Tareas (idTarea, titulo, estado, prioridad, fechaInicioPlanificada, fechaObjetivo, idProyecto, idCreador, orden, fechaCreacion, idPlan, esfuerzo, tipo, fechaEnCurso, fechaHecha, idAsignadoPor, fechaUltActualizacion, progreso, descripcion) VALUES ('1211', 'Craacion de comité para la elaboracion de politica y segumiento de proceso', 'Pendiente', 'Media', '2025-12-31 06:00:00', '2026-12-30 06:00:00', 55, 23, 0, '2026-01-20 20:55:08', NULL, 'M', 'Administrativa', NULL, NULL, NULL, '2026-01-20 20:55:08', 0, '');
INSERT INTO p_Tareas (idTarea, titulo, estado, prioridad, fechaInicioPlanificada, fechaObjetivo, idProyecto, idCreador, orden, fechaCreacion, idPlan, esfuerzo, tipo, fechaEnCurso, fechaHecha, idAsignadoPor, fechaUltActualizacion, progreso, descripcion) VALUES ('1194', '3.1-Diseñar un programa de incorporacion integral', 'Pendiente', 'Media', '2025-12-31 06:00:00', '2026-04-29 06:00:00', 52, 23, 0, '2026-01-20 20:42:16', NULL, 'M', 'Administrativa', NULL, NULL, NULL, '2026-01-20 21:14:31', 16, 'Definición de etapas (día 1, semana 1, 30-60-90 días)
');
INSERT INTO p_Tareas (idTarea, titulo, estado, prioridad, fechaInicioPlanificada, fechaObjetivo, idProyecto, idCreador, orden, fechaCreacion, idPlan, esfuerzo, tipo, fechaEnCurso, fechaHecha, idAsignadoPor, fechaUltActualizacion, progreso, descripcion) VALUES ('1212', 'informe regiona', 'EnCurso', 'Alta', NULL, NULL, NULL, 23, 0, '2026-01-20 21:22:28', NULL, 'L', 'Administrativa', NULL, NULL, NULL, '2026-01-20 21:22:49', 0, NULL);
INSERT INTO p_Tareas (idTarea, titulo, estado, prioridad, fechaInicioPlanificada, fechaObjetivo, idProyecto, idCreador, orden, fechaCreacion, idPlan, esfuerzo, tipo, fechaEnCurso, fechaHecha, idAsignadoPor, fechaUltActualizacion, progreso, descripcion) VALUES ('1190', '1.1-Mantener un minimo de 100 vacantes activas', 'EnCurso', 'Alta', '2025-12-31 06:00:00', '2026-12-30 06:00:00', 52, 23, 0, '2026-01-20 20:37:49', NULL, 'L', 'Administrativa', NULL, NULL, NULL, '2026-01-20 21:29:19', 0, 'Priorizar vacantes críticas y de mayor rotación de acuerdo necesidad de cada dueño de vacante.');
INSERT INTO p_Tareas (idTarea, titulo, estado, prioridad, fechaInicioPlanificada, fechaObjetivo, idProyecto, idCreador, orden, fechaCreacion, idPlan, esfuerzo, tipo, fechaEnCurso, fechaHecha, idAsignadoPor, fechaUltActualizacion, progreso, descripcion) VALUES ('1213', 'reunion con gerencia', 'EnCurso', 'Media', NULL, NULL, NULL, 34, 0, '2026-01-21 04:58:39', NULL, 'M', 'Administrativa', NULL, NULL, NULL, '2026-01-21 04:58:46', 0, NULL);
INSERT INTO p_Tareas (idTarea, titulo, estado, prioridad, fechaInicioPlanificada, fechaObjetivo, idProyecto, idCreador, orden, fechaCreacion, idPlan, esfuerzo, tipo, fechaEnCurso, fechaHecha, idAsignadoPor, fechaUltActualizacion, progreso, descripcion) VALUES ('1214', 'termina el plan de trabajo 2026', 'Pendiente', 'Alta', NULL, NULL, NULL, 7, 0, '2026-01-21 05:03:01', NULL, 'L', 'Administrativa', NULL, NULL, NULL, '2026-01-21 05:03:01', 0, NULL);
INSERT INTO p_Tareas (idTarea, titulo, estado, prioridad, fechaInicioPlanificada, fechaObjetivo, idProyecto, idCreador, orden, fechaCreacion, idPlan, esfuerzo, tipo, fechaEnCurso, fechaHecha, idAsignadoPor, fechaUltActualizacion, progreso, descripcion) VALUES ('1215', 'plan para automatizar IPER', 'Pendiente', 'Media', NULL, NULL, NULL, 7, 0, '2026-01-21 05:03:25', NULL, 'M', 'Administrativa', NULL, NULL, NULL, '2026-01-21 05:03:25', 0, NULL);
INSERT INTO p_Tareas (idTarea, titulo, estado, prioridad, fechaInicioPlanificada, fechaObjetivo, idProyecto, idCreador, orden, fechaCreacion, idPlan, esfuerzo, tipo, fechaEnCurso, fechaHecha, idAsignadoPor, fechaUltActualizacion, progreso, descripcion) VALUES ('1216', 'actualizar informacion', 'Pendiente', 'Media', NULL, NULL, NULL, 7, 0, '2026-01-21 05:10:23', NULL, 'M', 'Administrativa', NULL, NULL, NULL, '2026-01-21 05:10:23', 0, NULL);
INSERT INTO p_Tareas (idTarea, titulo, estado, prioridad, fechaInicioPlanificada, fechaObjetivo, idProyecto, idCreador, orden, fechaCreacion, idPlan, esfuerzo, tipo, fechaEnCurso, fechaHecha, idAsignadoPor, fechaUltActualizacion, progreso, descripcion) VALUES ('1217', 'mejorar diseño', 'Pendiente', 'Media', NULL, NULL, NULL, 7, 0, '2026-01-21 05:10:36', NULL, 'M', 'Administrativa', NULL, NULL, NULL, '2026-01-21 05:10:36', 0, NULL);
INSERT INTO p_Tareas (idTarea, titulo, estado, prioridad, fechaInicioPlanificada, fechaObjetivo, idProyecto, idCreador, orden, fechaCreacion, idPlan, esfuerzo, tipo, fechaEnCurso, fechaHecha, idAsignadoPor, fechaUltActualizacion, progreso, descripcion) VALUES ('1218', 'crear reporte', 'Pendiente', 'Media', NULL, NULL, NULL, 7, 0, '2026-01-21 05:10:39', NULL, 'M', 'Administrativa', NULL, NULL, NULL, '2026-01-21 05:10:39', 0, NULL);
SET IDENTITY_INSERT p_Tareas OFF;
GO

PRINT 'Insertando TareaAsignados...';
SET IDENTITY_INSERT p_TareaAsignados ON;
INSERT INTO p_TareaAsignados (idAsignacion, idTarea, idUsuario, tipo) VALUES (484, '1190', 34, 'Responsable');
INSERT INTO p_TareaAsignados (idAsignacion, idTarea, idUsuario, tipo) VALUES (485, '1191', 34, 'Responsable');
INSERT INTO p_TareaAsignados (idAsignacion, idTarea, idUsuario, tipo) VALUES (486, '1192', 34, 'Responsable');
INSERT INTO p_TareaAsignados (idAsignacion, idTarea, idUsuario, tipo) VALUES (487, '1193', 34, 'Responsable');
INSERT INTO p_TareaAsignados (idAsignacion, idTarea, idUsuario, tipo) VALUES (488, '1194', 34, 'Responsable');
INSERT INTO p_TareaAsignados (idAsignacion, idTarea, idUsuario, tipo) VALUES (489, '1195', 34, 'Responsable');
INSERT INTO p_TareaAsignados (idAsignacion, idTarea, idUsuario, tipo) VALUES (490, '1196', 34, 'Responsable');
INSERT INTO p_TareaAsignados (idAsignacion, idTarea, idUsuario, tipo) VALUES (491, '1197', 34, 'Responsable');
INSERT INTO p_TareaAsignados (idAsignacion, idTarea, idUsuario, tipo) VALUES (492, '1198', 34, 'Responsable');
INSERT INTO p_TareaAsignados (idAsignacion, idTarea, idUsuario, tipo) VALUES (493, '1199', 16, 'Responsable');
INSERT INTO p_TareaAsignados (idAsignacion, idTarea, idUsuario, tipo) VALUES (494, '1200', 16, 'Responsable');
INSERT INTO p_TareaAsignados (idAsignacion, idTarea, idUsuario, tipo) VALUES (495, '1201', 16, 'Responsable');
INSERT INTO p_TareaAsignados (idAsignacion, idTarea, idUsuario, tipo) VALUES (496, '1202', 16, 'Responsable');
INSERT INTO p_TareaAsignados (idAsignacion, idTarea, idUsuario, tipo) VALUES (497, '1203', 16, 'Responsable');
INSERT INTO p_TareaAsignados (idAsignacion, idTarea, idUsuario, tipo) VALUES (498, '1204', 16, 'Responsable');
INSERT INTO p_TareaAsignados (idAsignacion, idTarea, idUsuario, tipo) VALUES (499, '1205', 16, 'Responsable');
INSERT INTO p_TareaAsignados (idAsignacion, idTarea, idUsuario, tipo) VALUES (500, '1206', 16, 'Responsable');
INSERT INTO p_TareaAsignados (idAsignacion, idTarea, idUsuario, tipo) VALUES (501, '1207', 16, 'Responsable');
INSERT INTO p_TareaAsignados (idAsignacion, idTarea, idUsuario, tipo) VALUES (502, '1208', 16, 'Responsable');
INSERT INTO p_TareaAsignados (idAsignacion, idTarea, idUsuario, tipo) VALUES (503, '1209', 6, 'Responsable');
INSERT INTO p_TareaAsignados (idAsignacion, idTarea, idUsuario, tipo) VALUES (504, '1210', 6, 'Responsable');
INSERT INTO p_TareaAsignados (idAsignacion, idTarea, idUsuario, tipo) VALUES (505, '1211', 6, 'Responsable');
INSERT INTO p_TareaAsignados (idAsignacion, idTarea, idUsuario, tipo) VALUES (506, '1212', 23, 'Responsable');
INSERT INTO p_TareaAsignados (idAsignacion, idTarea, idUsuario, tipo) VALUES (507, '1213', 34, 'Responsable');
INSERT INTO p_TareaAsignados (idAsignacion, idTarea, idUsuario, tipo) VALUES (508, '1214', 7, 'Responsable');
INSERT INTO p_TareaAsignados (idAsignacion, idTarea, idUsuario, tipo) VALUES (509, '1215', 7, 'Responsable');
INSERT INTO p_TareaAsignados (idAsignacion, idTarea, idUsuario, tipo) VALUES (510, '1216', 7, 'Responsable');
INSERT INTO p_TareaAsignados (idAsignacion, idTarea, idUsuario, tipo) VALUES (511, '1217', 7, 'Responsable');
INSERT INTO p_TareaAsignados (idAsignacion, idTarea, idUsuario, tipo) VALUES (512, '1218', 7, 'Responsable');
SET IDENTITY_INSERT p_TareaAsignados OFF;
GO

PRINT 'Insertando PermisoEmpleado...';
SET IDENTITY_INSERT p_permiso_empleado ON;
INSERT INTO p_permiso_empleado (id, carnet_otorga, carnet_recibe, carnet_objetivo, activo, fecha_inicio, fecha_fin, motivo, creado_en, tipo_acceso) VALUES ('1', NULL, '1005898', '500708', 1, '2026-01-19 06:00:00', NULL, NULL, '2026-01-19 20:18:56', 'ALLOW');
INSERT INTO p_permiso_empleado (id, carnet_otorga, carnet_recibe, carnet_objetivo, activo, fecha_inicio, fecha_fin, motivo, creado_en, tipo_acceso) VALUES ('2', NULL, '402105', '402178', 1, '2026-01-20 06:00:00', NULL, NULL, '2026-01-20 21:45:28', 'ALLOW');
SET IDENTITY_INSERT p_permiso_empleado OFF;
GO

PRINT 'Insertando Checkins...';
SET IDENTITY_INSERT p_Checkins ON;
INSERT INTO p_Checkins (idCheckin, fecha, idUsuario, idNodo, entregableTexto, nota, linkEvidencia, estadoAnimo, fechaCreacion) VALUES ('215', '2026-01-20 06:00:00', 23, NULL, 'Plan de Trabajo', '', '', 'Bien', '2026-01-20 21:22:49');
INSERT INTO p_Checkins (idCheckin, fecha, idUsuario, idNodo, entregableTexto, nota, linkEvidencia, estadoAnimo, fechaCreacion) VALUES ('216', '2026-01-20 06:00:00', 34, NULL, '1.1-Mantener un minimo de 100 vacantes activas', '', '', 'Bien', '2026-01-20 21:29:19');
SET IDENTITY_INSERT p_Checkins OFF;
GO

